"Kallesignal","Type","QTH","Freq TX","Freq RX","Gruppe","Lokator","Info","status"
"JW9SRR","FM Repeater","Svalbard/Skolten","145.6000","145.0000","Svalbard","JQ88HD","91.5",""
"LA1HRR","Crossband link","Halden","144.6625","433.4000","Halden","JO59QC","77",""
"LA1KRR","FM/DMR Repeater","Kolsås","434.9250","432.9250","Asker og Bærum","JO59GW","110.9/ID: 242101",""
"LA1RRR","FM IVG","Heggedal","433.9875","433.9875","LA1TRF","JO59ES","123",""
"LA1SRR","FM/C4FM","Kornsjø","434.7250","432.7250","Halden","JO58TW","QRT 67","QRT"
"LA1TRR","FM Repeater","Halden","434.8750","432.8750","Halden","JO59QC","67",""
"LA1XRR","FM Repeater","Røyken","29.6500","29.5500","LA1TRF","JO59MS","QRT 110.9","QRT"
"LA1ZRR","FM IVG","Røyken","145.2375","145.2375","LA1TRF","JO59ES","123",""
"LA2BRR","FM Repeater","Bislingen","145.6375","145.0375","Ringerike","JP50HF","88.5",""
"LA2DRR","DMR Repeater","Raufoss","434.8250","432.8250","Gjøvik og Toten","JP50IR","ID:242603",""
"LA2ERR","FM Repeater","Gardermoen portabel","434.8500","432.8500","Gardermoen","na","1750",""
"LA2FRR","FM Repeater","Oppegård","1297.0000","1291.0000","Follo","JO59JS","",""
"LA2HRR","FM Repeater","Geitberget","145.7000","145.1000","Gudbrandsdal","JP42SF","88.5",""
"LA2JRR","FM Repeater","Jetta","145.6625","145.0625","Gudbrandsdal","JP41PV","88.5",""
"LA2KRR","FM/C4FM","Rafjellet","434.6500","432.6500","Kongsvinger","JP60BH","71.9",""
"LA2LRR","FM Repeater","Mjøsa portabel","434.7000","432.7000","Hamar","JP50OW","123",""
"LA2RRR","FM Repeater","Holtberget","51.8300","51.2300","Kongsvinger","JP50XE","71.9",""
"LA2TRR","Crossband link","Kråkhugu","145.2375","433.1750","Lillehammer","JP51CA","88.5","QRT"
"LA2XRR","FM Repeater","Rafjellet","145.7125","145.1125","Kongsvinger","JP60BH","71.9",""
"LA2YRR","DMR Repeater","Stangåsen/Oppegård","434.7500","432.7500","Follo","JO59JS","ID: 242103",""
"LA3ARR","FM Repeater","Hillestad","434.7625","432.7625","Viken Radioforening","JO49XN","123",""
"LA3DRR","FM Repeater","Vealøs/Skien","434.5875","432.5875","Tønsberg","JO49UF","74.4",""
"LA3ERR","Crossband FM","Stokke","144.6875","434.7625","Viken Radioforening","JO59DE","TX-RX/RX-TX",""
"LA3FRR","FM Repeater","Halden","145.7750","145.1750","Halden","JO59QC","67",""
"LA3HRR","Crossband link","Geilotoppen","144.6375","433.1250","Hallingdal","JP40CN","74.4",""
"LA3JRR","FM Repeater","Kvelde/Jordstøyp","434.6750","432.6750","Tønsberg","JO49XE","74.4",""
"LA3KRR-1","Crossband FM","Bronane/Drangedal","145.5625","144.9625","Tønsberg","JO49LF","",""
"LA3KRR-2","Crossband FM","Vealøs/Skien","434.5875","432.5875","Tønsberg","JO49UF","",""
"LA3NRR","Crossband link","Notodden","145.0500","433.0875","Notodden","JO49ON","74.4/433.0875",""
"LA3RRR","FM Repeater","Vestre Buttentjern","145.6875","145.0875","Ringerike","JP50DF","123",""
"LA3SRR","Crossband link","Sandefjord","145.2750","433.1750","Sandefjord","JO59CE","74.4",""
"LA3VRR","FM/C4FM","Vealøs/Skien","434.6125","432.6125","Grenland","JO49UF","74.4",""
"LA3XRR","Crossband FM","Hvittingen/Sande","145.2250","144.6250","Tønsberg","JO59CN","74.4/433.3125",""
"LA4ARR","FM Repeater","Hestheia/Greipstad","434.9375","4329375.0000","Kristiansand","JO38WF","123",""
"LA4BRR","FM Repeater","Bru","434.9000","432.9000","Sandnes","JO29TA","123",""
"LA4CRR","Crossband FM","Mandal/Djubedalsheia","144.6500","434.8250","Sandnes","JO38RC","77",""
"LA4ERR","FM Repeater","Egerøy","434.8750","432.8750","Sandnes","JO28WK","123",""
"LA4FRR","FM Repeater","Fjæreheia/Grimstad","145.7250","145.1250","Arendal","JO48GJ","123",""
"LA4JRR","FM/C4FM","Laland/Særheim","434.7000","432.7000","Jæren","JO28TS","QRT","QRT"
"LA4KRR","FM Repeater","Kvinesheia","434.8250","432.8250","Sandnes","JO38MH","123",""
"LA4LRR","FM Repeater","Stavanger/Lifjell","145.6375","145.0375","Sandnes","JO28VW","123",""
"LA4MRR","FM Repeater","Varmestø","434.9000","432.9000","Mandal","JO38RC","1750",""
"LA4ORR","FM Repeater","Odderøya","145.6125","145.0125","Kristiansand","JO48AD","123",""
"LA4RRR","FM Repeaterlink","Reinsnuten","145.0125","145.6125","STF Sauda","JO39FO","74.4",""
"LA4SRR","FM Repeater","Bjerkreim","145.7125","145.1125","Sandnes","JO28XP","79.7",""
"LA4URR","FM Repeater","Aasvik","434.8750","432.8750","Risør","JP40OR","1750",""
"LA4WRR","FM Repeater","Bogafjell","434.8500","432.8500","Sandnes","JO28UT","123",""
"LA5AR","FM Repeater","Vaktårnheia/Arendal","145.7000","145.1000","Arendal","JO48JL","123",""
"LA5ARR","FM Repeater","Tverrberget","434.7750","432.7750","Gjøvik og Toten","JP40QU","71.9",""
"LA5BR","FM Repeater","Rundemannen","145.7500","145.1500","Bergen","JP20QJ","97.4",""
"LA5CR","FM Repeater","Egersund/Gaupelemfjell","434.6750","432.6750","Jæren","JO38DO","107.2",""
"LA5CRR","Crossband/link","Østre Nattlansfjell","144.6500","433.0500","Bergen","JP20QI","2m/70cm TX/RX",""
"LA5DR","FM Repeater","Nordbykollen","145.7250","145.1250","Drammen","JO59CR","74.4",""
"LA5ER","FM Repeater","Eirefjell/Tokke","145.7125","145.1125","Grenland","JO49BL","74.4","Planlagt"
"LA5FR","FM/C4FM","Svartåsen/Enebakk","145.7875","145.1875","Follo","JO59MS","123",""
"LA5GR","FM Repeater","Vealøs/Skien","145.6500","145.0500","Grenland","JO49UF","74.4",""
"LA5HR","FM Repeater","Skottås/Horten","145.6250","145.0250","Horten","JO59EJ","74.4",""
"LA5HRR","FM Repeater","Stor Horta","145.6500","145.0500","Gjøvik og Toten","JP51NH","88.5",""
"LA5IR","FM/C4FM","Førde/Hafstadfjell","145.7000","145.1000","Firda","JP21WK","82.5",""
"LA5JR","FM Repeater","Haus Sachsen","434.6250","432.6250","Kongsberg","JO49SQ","123",""
"LA5JRR","FM Repeater","Juvbreen","145.7875","145.1875","Gjøvik og Toten","JP41EQ","88.5",""
"LA5KR","FM Repeater","Holtberget","145.6500","145.0500","Kongsvinger","JP50XE","71.9",""
"LA5LRR","Crossband Link","Øygarden","145.1250","145.7250","Bergen","JP20lI","123.0",""
"LA5MR","FM Repeater","Totenåsen","145.6250","145.0250","Innlandsnettet","JP50HL","88.5",""
"LA5NR","FM Repeater","Ofoten/Veggen","145.7750","145.1750","Narvik","JP88OL","1750/123",""
"LA5OR","FM Repeater","Tryvasshøgda","145.6000","145.0000","Oslo","JO59IX","123",""
"LA5PR","FM Repeater","Høyanger","145.6000","145.0000","Firda","JP31AF","",""
"LA5QR","FM/C4FM","Sunndalsøra","145.6250","145.0250","Molde","JP42GQ","123",""
"LA5RR","FM Repeater","Toåsen","145.6750","145.0750","Asker og Bærum","JO59HT","123",""
"LA5RRR","FM/DMR Repeater","Røldal","434.6000","432.6000","STF Sauda","JO39JU","91.5",""
"LA5SR","FM Repeater","Mokollen","145.7500","145.1500","Sandefjord","JO59CD","74.4",""
"LA5TR","FM Repeater","Forbordfjell","145.6750","145.0750","Stjørdal","JP53KM","1750",""
"LA5TRR","FM Repeater","Trysilfjellet","145.7250","145.1250","Gjøvik og Toten","JP61CH","88.5",""
"LA5UR","FM Repeater","Kjerringfjell","51.8100","51.2100","Sandefjord","JO59CA","QRT","QRT"
"LA5VR","FM Repeater","Kattnakken","145.6250","145.0250","Haugaland/Sunnhordland","JO29RU","123",""
"LA5VRR","FM Repeaterlink","Verjesteinsnuten","432.8000","434.8000","STF Sauda","JO39NU","CCIR",""
"LA5WR","FM/C4FM","Narvik/Ankenes","434.7500","432.7500","Narvik","JP88QJ","123",""
"LA5WRR","FM/DMR Repeater","Verjesteinsnuten","145.5750","144.9750","STF Sauda","JO39NU","CCIR/ID:242220",""
"LA5XR","FM Repeater","Gråkallen","434.7250","432.7250","TRC-Trondheim","JP53DJ","1750/6",""
"LA5YR","FM Repeater","Svartåsen/Enebakk","434.9000","432.9000","Follo","JO59MS","1750/123",""
"LA6AR","FM Repeater","Høgåsen/Sandnessjøen","145.7250","145.1250","Sandnessjøen","JP66HA","88.5",""
"LA6ARR","FM Repeater","Algasvarre / Tana","145.6000","145.0000","Kirkenes","KQ40CL","1750/91.5",""
"LA6BR","FM Repeater","Rønvikfjell","145.7500","145.1500","Bodø","JP77FH","1750",""
"LA6CR","FM Repeater","Knarvik","434.6250","432.6250","Nord-Hordland","JP20PN","1750",""
"LA6DR","FM/DMR Repeater","Ravnafjell","434.6500","432.6500","STF Sauda","JO39CO","91.5",""
"LA6ER","FM Repeater","Egersund/Gaupelemfjell","145.7250","145.1250","Jæren","JO38DO","107.2/E:602445",""
"LA6ERR","FM IVG","Nordlandet","145.4000","145.4000","Kristiansund","JP33VC","",""
"LA6FR","FM Repeater","Storestø","145.6250","145.0250","Mandal","JO38HH","77",""
"LA6GR","FM Repeater","Torseterkampen","434.7500","432.7500","Innlandsnettet","JP50LM","71.9",""
"LA6HR","FM/DMR Repeater","Hvittingen/Holmestrand","434.6500","432.6500","Horten","JO59CN","74.4/ID: 242803",""
"LA6JR","FM Repeater","Hovassfjell","145.6000","145.0000","Kristiansand","JO38UX","123",""
"LA6KR","FM Repeater","Hestheia/Greipstad","145.7500","145.1500","Kristiansand","JO38WF","123",""
"LA6LR","Crossband link","Korpås","144.6500","433.0250","Larvik","JO49XA","88.5",""
"LA6MR","FM Repeater","Valderøyfjellet","145.6500","145.0500","Ålesund","JP32BM","1750",""
"LA6MRR","FM Repeater","Humla","434.6500","432.6500","Ålesund","JP32DK","82.5",""
"LA6NR","FM Repeater","Syningen","145.7750","145.1750","Hallingdal","JP40MM","1750/88.5",""
"LA6PR","DMR Repeater","Bodø","434.6750","432.6750","Bodø","JP77FH","ID: 242901",""
"LA6PRR","Crossband link","Rensvik","433.0500","433.0500","Kristiansund","JP33VC","Link til LA6XR",""
"LA6QR","FM Repeater","Karmøy/Sandve","434.6375","432.6375","Haugaland","JO29OE","123",""
"LA6RR","FM Repeater","Rennesøyhornet","434.6000","432.6000","Ryfylke","JO29VB","88.5",""
"LA6SR","FM Repeater","Heiberg","145.7750","145.1750","Arendal","JO48NS","123",""
"LA6SRR","FM DMR Repeater","Sagtennene","434.6250","432.6250","Firda","JP31BV","82.5",""
"LA6TR","FM Repeater","Kvitbergfjellet","145.7500","145.1500","Tromsø","JP99GN","123",""
"LA6UR","FM Repeater","Gjeltheia","145.6500","145.0500","Fosen","JP54GG","1750/123, 434.775/432.775",""
"LA6VR","FM Repeater","Verigasfjellet","145.7500","145.1500","Kirkenes","KP49XQ","1750",""
"LA6WR","FM Repeater","Lønahorgi","145.7250","145.1250","Voss","JP30EQ","123",""
"LA6XR","FM/C4FM","Reinsfjell","145.6000","145.0000","Kristiansund","JP32XW","123",""
"LA6YR","FM Repeater","Storkollen/Kragerø","434.8500","432.8500","Grenland","JO48QU","74.4",""
"LA6YRR","FM Repeater","Reinsfjell","434.6000","432.6000","Kristiansund","JP32XW","1750",""
"LA6ZR","FM Repeater","Spåtind","145.7500","145.1500","Lillehammer","JP41VB","91.5",""
"LA7AR","FM Repeater","Endletenfjell","145.6750","145.0750","Andøy","JP89AF","1750/#3",""
"LA7BR","FM Repeater","Ørnafjell","434.7000","432.7000","Bergen","JP20OJ","QRT 79.7","QRT"
"LA7CR","C4FM/DSTAR/DMR","Norefjell","434.7000","432.7000","Modum","JP49XW","ID: 242604",""
"LA7ER","FM Repeater","Sjåvassknuten","145.6500","145.0500","Mandal","JO38QO","1750",""
"LA7F-10","APRS IGate","Bjørnmoveien","144.8000","144.8000","Fauske","","",""
"LA7FR","FM Repeater","Barbertoppen","434.7000","432.7000","Fredrikstad","JO59LG","1750/123/*2",""
"LA7GR","FM Repeater","Harpefoss/Gålå","145.7250","145.1250","Gudbrandsdal","JP41VM","1750/71.9",""
"LA7GRR","FM Repeater","Jetta","434.8000","432.8000","Gudbrandsdal","JP41PV","123",""
"LA7HR","FM Repeater","Sandsøy","145.6500","145.0500","Harstad","JP88IV","123",""
"LA7JR","FM Repeater","Verdal/Marsteinsvola","145.5750","144.9750","Inntrøndelag","JP53SU","123",""
"LA7KR","C4FM/DSTAR/DMR","Holtberget","434.6250","432.6250","Kongsvinger","JP50XE","QRT 71.9/ID: 242611","QRT"
"LA7KRR","FM Repeater","Kyrksæterøra","434.6250","432.6250","Fosen","JP43NH","1750/*3",""
"LA7LR","FM Repeater","Lifjell/Bø","434.9250","432.9250","Grenland","JO49ML","74.4",""
"LA7LRR","Crossband link","Gråkallen","145.1750","145.7750","Trondheim","JP53DK","1750/85.4/7/433.0500",""
"LA7MR","FM Repeater","Veten","145.6750","145.0750","Mo i Rana","JP66UE","88.5/Echo 317411",""
"LA7NR","FM Repeater","Vattafjell","145.7750","145.1750","Namdal","JP54RL","85.4",""
"LA7OR","FM/C4FM","Brannfjell","434.7750","432.7750","Oslo","JO59JV","123",""
"LA7ORR","FM Repeater","Oppdal","145.7750","145.1750","Trondheim","JP42UN","1750/85.4/7",""
"LA7PR","FM Repeater","Grimstadtoppen","145.6625","145.0625","Moss","JO59JI","1750/123/*5",""
"LA7QR","Crossband link","Hatten","145.2500","433.4000","Fredrikstad","JO59LF","100","QRT"
"LA7RR","FM Repeater","Gråkallen","145.7000","145.1000","Trondheim","JP53DK","1750/123/*",""
"LA7SR","FM Repeater","Sandefjord/Kjerringberget","434.8000","432.8000","Tønsberg","JO59CA","74.4",""
"LA7TR","FM Repeater","Forbordfjell","434.6750","432.6750","Stjørdal","JP53KM","1750",""
"LA7TRR","FM Repeater","Vassfjellet","51.8500","51.2500","Trondheim","JP53FI","QRT 1750/85.4/7","QRT"
"LA7UR","FM Repeater","Valebykampen","434.6750","432.6750","Ringerike","JP50HJ","71.9/ID: 242675",""
"LA7URR","FM Repeater","Vikhammer","1297.0000","1271.0000","Trondheim","JP53HK","QRT 1750/85.4/7","QRT"
"LA7VR","FM Repeater","Hadseløya","145.6000","145.0000","Vesterålen","JP78KN","123/1750",""
"LA7WR","FM Repeater","Lønahorgi","434.7250","432.7250","Voss","JP30EQ","QRT 1750","QRT"
"LA7XR","Crossband link","Kroksjø","144.6625","433.0500","Kongsvinger","JO69BX","1750/77.0/*6",""
"LA7YR","FM Repeater","Kvanfjellet","145.7000","145.1000","Alta","KP19SX","1750/91.5/*0/*4",""
"LA8BR","FM Repeater","Klettkoven","145.6250","145.0250","Fauske","JP77ME","123",""
"LA8BRR","FM Repeater","Mosheim/Brønnøysund","434.9750","432.9750","Sandnessjøen","JP65CL","QRT","QRT"
"LA8CR","FM Repeater","Bjønnåsen","145.7625","145.1625","Romerike","JO59MW","1750/123/*5",""
"LA8CRR","FM Repeater","Narvik/Solhaugen","434.8500","432.8500","Narvik","JP88QK","1750/88.5",""
"LA8DR","FM Repeater","Laland","145.6750","145.0750","Jæren","JO28US","1750/E:293817",""
"LA8ER","FM/DMR Repeater","Mistberget","434.8750","432.8750","Gardermoen","JP50NJ","ID:242105/123",""
"LA8FR","FM Repeater","Olsøyheia","145.6250","145.0250","Fosen","JP53CQ","1750/123",""
"LA8GR","FM Repeater","Bråtsviksåta","145.7750","145.1750","Bergen","JP21NB","97.4",""
"LA8HR","FM Repeater","Geilo","145.6500","145.0500","Hallingdal","JP40CN","1750/74.4/*8",""
"LA8HRR","FM IVG","Nessna","433.9500","433.9500","Mo i Rana","JP66MF","88.5/Echo 500035",""
"LA8JR","Crossband link","Verdal/Marsteinsvola","434.6000","434.6000","Inntrøndelag","JP53SU","1750",""
"LA8KR","FM Repeater","Jonsknuten","145.7000","145.1000","Kongsberg","JO49SQ","74.4",""
"LA8LR","FM Repeater","Kringsjå","145.6500","145.0500","Haugaland","JO29QJ","1750/*4",""
"LA8LRR","FM Repeater","Lødingen","145.6750","145.0750","Harstad","JP78XJ","QRT 88.5","QRT"
"LA8MR","FM/C4FM","Molde/Tusten","145.7750","145.1750","Molde","JP32PS","123",""
"LA8MRR","FM Repeater","Mo i Rana","145.7750","145.1750","Mo i Rana","JP76BH","123",""
"LA8NR","FM Repeater","Honningsvågfjell","145.7750","145.1750","Nordkapp","KQ20WX","1750/123",""
"LA8NRR","FM Repeater","Narvik/Solhaugen","145.6250","145.0250","Narvik","JP88QK","1750/123",""
"LA8OR","FM/DMR/D-Star/C4FM","Bislingen","434.6000","432.6000","Ringerike","JP50HF","123/ID:242004",""
"LA8ORR","Crossband link","Bogen","144.6500","433.0250","ORF","JP88MM","88.5",""
"LA8PR","FM Repeater","Trondheim portabel","434.9000","432.9000","Trondheim","na","1750/85.4/7",""
"LA8PRR","FM Repeater","Narvik/Gratangen","145.6875","145.0875","Narvik","JP88VP","1750/123",""
"LA8QR","FM Repeater","Bringen","145.7125","145.1125","Trondheim","JP53NB","1750/85.4/*7",""
"LA8QRR","FM Repeater","Hundholmen","145.7375","145.1375","Narvik","JP88DD","1750/123",""
"LA8RR","FM Repeater","Bjønnåsen","434.8250","432.8250","Romerike","JO59MW","123",""
"LA8SR","FM Repeater","Bokn","145.7750","145.1750","Jæren","JO29UC","1750/88.5/*4",""
"LA8SRR","FM Repeater","Bjørnfjell","145.7625","145.1625","Narvik","JP98AK","1750/123",""
"LA8TR","FM Repeater","Ruten","145.7500","145.1500","Trondheim","JP43NE","1750/85.4/*7",""
"LA8UR","FM Repeater","Kopparen","434.7750","432.7750","Fosen","JP43UT","1750/7/123",""
"LA8VR","FM Repeater","Vardefjell","145.7000","145.1000","Mosjøen","JP65PV","QRT 1750","QRT"
"LA8VRR","Crossband link","Storfjell","144.6500","433.0250","Mosjøen","JP65OT","1750",""
"LA8WR","FM Repeater","Kattnakken","434.6250","432.6250","Haugaland/Sunnhordland","JO29RU","123","QRT"
"LA8XR","FM/DMR Repeater","Reinsnuten","145.7375","145.1375","STF Sauda","JO39GK","91.5",""
"LA8XRR","Crossband link","Bodøgruppen","145.2250","433.1500","Bodø","JP77FH","",""
"LA8YR","FM Repeaterlink","Reinsnuten","432.8000","434.8000","STF Sauda","JO39FO","CCIR",""
"LA8ZR","FM/DMR Repeater","Andsfjell","434.6500","432.6500","Midt-Troms","JP99GC","123/ID: 242920",""
"LA9AR","FM Repeater","Tronfjell","145.6000","145.0000","Innlandsnettet","JP52IE","88.5",""
"LA9ARR","FM Repeater","Algasvarre / Tana","145.6000","145.0000","Kirkenes","KQ40CL","",""
"LA9BR","FM/C4FM","Bremanger/Steinfjellet","145.6750","145.0750","Måløy","JP21MU","123",""
"LA9BRR","FM Repeater","Bufjellet","145.7125","145.1125","Harstad","JP88IO","",""
"LA9CR","FM Repeater","Storåsen","145.6250","145.0250","Florø","JP21MO","82.5",""
"LA9DR","FM Repeater","Nordbykollen","434.7250","432.7250","Drammen","JO59CR","74.4",""
"LA9ER","FM Repeater","Mistberget","145.7375","145.1375","Gardermoen","JP50NJ","1750/123",""
"LA9ERR","Crossband link","Evenskjer","145.2500","433.2000","ORF","JP88GN","88.5",""
"LA9FR","FM Repeater","Tuva","145.7750","145.1750","Fauske","JP77QG","88.5",""
"LA9FRR","FM Repeater","Andsfjell","145.6125","145.0125","Midt-Troms","JP99GC","123",""
"LA9GR","FM Repeater","Veten","434.6250","432.6250","Mo i Rana","JP66UE","88.5/Echo 317411",""
"LA9HR","FM Repeater","Samaåsen","145.7000","145.1000","Harstad","JP88GT","123",""
"LA9HRR","FM/DMR Repeater","Algas","434.8000","432.8000","Alta","KQ10LC","91.5/ID: 242911",""
"LA9IR","FM Repeaterlink","Inste Tinden","432.8000","434.8000","STF Sauda","JO39HT","CCIR",""
"LA9JR","Crossband link","Jønnbuflåtin/Bø","145.0500","144.6750","Notodden","JO49ML","74.4/433.0750",""
"LA9KR","FM Repeater","Vestre Håland","145.6125","145.0125","Kristiansand","JO38RB","QRT",""
"LA9KRR","FM Repeater","Krøttøya","434.7375","432.7375","Harstad","JP89GB","",""
"LA9LR","FM/DMR Repeater","Ravnafjell","145.7000","145.1000","STF Sauda","JO39CO","91.5 / ID: 242302",""
"LA9LRR","FM Repeater","Falsnes/Storfjord","434.7500","432.7500","Tromsø","KP09CJ","91.5",""
"LA9MR","FM Repeater","Varmestø","145.6750","145.0750","Mandal","JO38RC","1750",""
"LA9MRR","FM Repeater","Medkilheia","145.7875","145.1875","Harstad","JP88GS","",""
"LA9NR","FM Repeater","Frodeåsen","434.9500","432.9500","Tønsberg","JO59EG","74.4",""
"LA9NRR","FM Repeater","","0.0000","0.0000","Midt-Troms","","",""
"LA9PR","Crossband link","Kjortåsen","144.6500","434.9875","Ryfylke","JO29XB","QRT 94.8","QRT"
"LA9QR","FM Repeater","Kjølen/Kvaløya","434.7250","432.7250","Tromsø","JP99JR","123",""
"LA9RR","FM Repeater","Ombo","145.6000","145.0000","Ryfylke","JO39AG","1750/123",""
"LA9SR","FM Repeater","Gurskøy","145.7250","145.1250","Søre Sunnmøre","JP22VG","1750/82.5",""
"LA9TR","FM Repeater","Trolltind/Arnøya","145.6250","145.0250","Tromsø","KQ00FB","123",""
"LA9UR","FM Repeater","Ruasetfjellet","145.7875","145.1875","Fosen","JP43VR","1750",""
"LA9WR","FM Repeater","Geitfjellet","145.6000","145.0000","Namdal","JP64CJ","123",""
"LA9XRR","FM Repeater","Heggedal","434.9750","432.9750","LA1TRF","JO59ES","123",""
"LA9YR","FM Repeater","Reinsnuten","434.8000","432.8000","STF Sauda","JO39GK","91.5",""
"LA9YRR","FM Repeater","Elvebakken","145.6000","145.0000","Alta","KP19QX","QRT 1750/91.5","QRT"
"LA9ZR","FM Repeater","Andsfjell","145.7250","145.1250","Midt-Troms","JP99GC","1750/123",""
"LA9ZRR","FM Repeater","Midt-Troms portabel","434.6000","432.6000","Midt-Troms","NA","",""
"LD1BK","APRS","Kolsås/Bærum","144.8000","144.8000","Asker og Bærum","JO59GW","",""
"LD1FA","APRS","Barbertoppen","144.8000","144.8000","Fredrikstad","JO59LF","",""
"LD1FE","APRS","Svartåsen/Enebakk","144.8000","144.8000","Follo","JO59MS","",""
"LD1FL","APRS","Svartåsen/Enebakk","433.7750","433.7750","Follo","JO59MS","",""
"LD1FO","Winlink Packet","Stangåsen/Oppegård","144.9250","144.9250","Follo","JO59JS","",""
"LD1FR","FM/C4FM","Barbertoppen","145.6875","145.0875","Fredrikstad","JO59LF","DCS-125/67",""
"LD1FV","Winlink Packet","Voksenkollen/Oslo","144.9250","144.9250","Follo","JO59HX","",""
"LD1HQ","DMR Repeater","Oslo/Potabel","434.8000","432.8000","NRRL","na","",""
"LD1KO","APRS IGate","Kolsåstoppen","144.8000","144.8000","Asker og Bærum","JO59GW","",""
"LD1MD","APRS","Mysen/Dalshøgda","144.8000","144.8000","Moss","JO59QM","",""
"LD1NR","DMR Repeater","Kjeller","434.6375","432.6375","Romerike","JO59MX","ID:242006","Planlagt"
"LD1OA","DMR Repeater","Røverkollen","434.8875","432.8875","Oslo","JO59KX","ID: 242002",""
"LD1OE","APRS","Brannfjell","144.8000","144.8000","Oslo","JO59JV","",""
"LD1ON","D-Star link","Nesodden","144.9000","144.9000","Oslo","JO59HU","",""
"LD1OS","APRS","Oslo Sentrum","144.8000","144.8000","Oslo","JO59IV","",""
"LD1OT-A","FM+ DSTAR DV","Tryvann","1297.1000","1291.1000","Oslo","JO59IX","/123",""
"LD1OT-B","DSTAR Repeater","Tryvann","434.8625","432.8625","Oslo","JO59IX","",""
"LD1SG","DMR Repeater","Grålum","434.8125","432.8125","Sarpsborg","JO59MG","ID: 242808",""
"LD2BI","APRS","Bislingen","144.8000","144.8000","Ringerike","JP50HF","",""
"LD2EM-C","DSTAR Repeater","Mistberget/Eidsvoll","145.5750","144.9750","Gardermoen","JP50NJ","",""
"LD2ER","APRS","Langberget/Elverum","144.8000","144.8000","Hamar","JP50US","",""
"LD2FN","APRS","Fagernes","144.8000","144.8000","Lillehammer","JP41LA","",""
"LD2GB","APRS IGate","Dombås","144.8000","144.8000","Gudbrandsdal","JP42NC","","QRT"
"LD2GC","APRS IGate","Lesjaskog","144.8000","144.8000","Innlandsnettet","JP42EF","",""
"LD2GD","APRS","Gudbrandsdalen","144.8000","144.8000","Gudbrandsdal","JP41SS","","QRT"
"LD2GF","APRS IGate","Folldal","144.8000","144.8000","Innlandsnettet","JP42VE","",""
"LD2GG","APRS","Gudbrandsdalen/Gålå","144.8000","144.8000","Gudbrandsdal","JP41VM","",""
"LD2GI","APRS","Høykorset","144.8000","144.8000","Gjøvik og Toten","JP50HL","",""
"LD2GM","APRS","Dombås Skisenter","144.8000","144.8000","Gjøvik og Toten","JP42NB","","QRT"
"LD2GN","APRS","Nordhue","144.8000","144.8000","Gjøvik og Toten","JP50QX","",""
"LD2GO","APRS","Trysilfjellet","144.8000","144.8000","Gjøvik og Toten","JP61CH","",""
"LD2GP","APRS","Storhorta","144.8000","144.8000","Gjøvik og Toten","JP51NH","",""
"LD2GQ","APRS","Biri","144.8000","144.8000","Gjøvik og Toten","JP50GX","","QRT"
"LD2GR","APRS","Reinsvoll","144.8000","144.8000","Gjøvik og Toten","JP50IQ","",""
"LD2GS","APRS","Tverrberget","144.8000","144.8000","Gjøvik og Toten","JP40QU","",""
"LD2GT","APRS","Rånåkollen","144.8000","144.8000","Gjøvik og Toten","JP42CF","","QRT"
"LD2GU","APRS","Torseterkampen","144.8000","144.8000","Gjøvik og Toten","JP50LN","","QRT"
"LD2GV","APRS IGate","Sølenstua","144.8000","144.8000","Gjøvik og Toten","JP51UU","","QRT"
"LD2HA","APRS","Romedal","144.8000","144.8000","Hamar","JP50JU","",""
"LD2HG","APRS","Gråhøgda/Hummelfjell","144.8000","144.8000","Innlandsnettet","JP52PK","","QRT"
"LD2HJ","DMR Repeater","Stenfjellhytta/Vangsåsen","434.7000","432.7000","Hamar","JP50OW","QRT ID: 242601","QRT"
"LD2HT-B","DMR/DSTAR","Romsås/Oslo","434.1000","434.1000","Ham-Tech","JO59KX","ID: 242055",""
"LD2JB","APRS","Jetta","144.8000","144.8000","Gudbrandsdal","JP41PV","",""
"LD2KF","APRS","Rafjellet","144.8000","144.8000","Kongsvinger","JP60BH","",""
"LD2KR","FM Repeater","Rafjellet","434.5625","432.5625","Kongsvinger","JP60BH","71.9",""
"LD2KS","APRS","Holtberget","144.8000","144.8000","Kongsvinger","JP60AF","",""
"LD2LH","APRS","Lillehammer","144.8000","144.8000","Lillehammer","JP51GD","",""
"LD2LK","APRS","Kråkhugu","144.8000","144.8000","Innlandsnettet","JP51CA","",""
"LD2LT","APRS","Hamar","144.8000","144.8000","Hamar","JP50QT","",""
"LD2OH","APRS","Østerud/Hurdal","144.8000","144.8000","Gardermoen","JP50MI","",""
"LD2RI","APRS","Valebykampen/Gran","144.8000","144.8000","Ringerike","JP50HJ","QRT","QRT"
"LD2RK","APRS","Kopperudåsen/Romeriket","144.8000","144.8000","Gardermoen","JP50PF","",""
"LD2TR","APRS","Tron","144.8000","144.8000","Innlandsnettet","JP52IE","",""
"LD2VR-C","DSTAR Repeater","Valebykampen","144.9375","144.9375","Ringerike","JP50HJ","",""
"LD2WA","Winlink Packet","Nordhue/Ingerstua","144.9250","144.9250","Gjøvik og Toten","JP50QX","433.7250",""
"LD2WB","Winlink Packet","Kråkhugukampen","144.9250","144.9250","Gjøvik og Toten","JP41PV","433.7250",""
"LD2WC","Winlink Packet","Tron","144.9250","144.9250","Gjøvik og Toten","JP52IE","433.7250",""
"LD2WD","Winlink Packet","Torseterkampen","144.9250","144.9250","Gjøvik og Toten","JP50LN","433.7250",""
"LD3BD","APRS","Bronane/Drangedal","144.8000","144.8000","Grenland","JO49LF","",""
"LD3BL","APRS","Lifjell/Bø","144.8000","144.8000","Grenland","JO49ML","",""
"LD3DD","D-Star link","Lier","434.5750","432.5750","Drammen","JO59CT","",""
"LD3DG","DMR Repeater","Gaustatoppen","434.5875","432.5875","Tønsberg","JO49HU","QRT ID: 242702","QRT"
"LD3DN","APRS","Konnerud","144.8000","144.8000","Drammen","JO59BR","",""
"LD3DP","DMR Repeater","Drammen/Portabel","434.9625","432.9625","Drammen","","ID: 242651",""
"LD3DV","DMR Repeater","Vardåsen/Drammen","434.5250","432.5250","Drammen","JO59CS","ID: 242650",""
"LD3DW","Winlink Packet","Kraftkollen","144.9250","144.9250","Drammen","JO59DU","QRT",""
"LD3GB","APRS","Gautefall/Bjørndalsmyra","144.8000","144.8000","Grenland","JO49ID","",""
"LD3GD","APRS","Gravarhovda/Dagali","144.8000","144.8000","Hallingdal","JP40FK","",""
"LD3GE","APRS","Geilotoppen","144.8000","144.8000","Hallingdal","JP40CM","",""
"LD3GK","APRS","Storkollen/Kragerø","144.8000","144.8000","Grenland","JO48QU","",""
"LD3GL","DMR Repeater","Vealøs/Skien","434.5125","432.5125","Grenland","JO49UF","ID:242701",""
"LD3GO","APRS","Lisbetnuten/Gol","144.8000","144.8000","Hallingdal","JP40LR","",""
"LD3GT","APRS","Gaustatoppen","144.8000","144.8000","Tønsberg","JO49HU","",""
"LD3HN","APRS","Nesbyen","144.8000","144.8000","Hallingdal","JP40MM","",""
"LD3HR","DMR Repeater","Geilo","434.6500","432.6500","Hallingdal","JP40CM","ID: 242635",""
"LD3HS","APRS","Sunhellerskarvet","144.8000","144.8000","Hallingdal","JP30TR","",""
"LD3HV","APRS","Hvittingen/Sande","144.8000","144.8000","Tønsberg","JO59CN","",""
"LD3JS","APRS","Jordstøyp","144.8000","144.8000","Sandefjord","JO49XE","",""
"LD3KF","APRS","Kjerringfjell","144.8000","144.8000","Sandefjord","JO59CA","",""
"LD3KJ","APRS","Kvelde/Jordstøyp","144.8000","144.8000","Larvik","JO49XE","",""
"LD3KR","DMR Repeater","Haus Sachsen","434.8375","432.8375","Kongsberg","JO49SQ","ID:242606",""
"LD3KS","APRS","Haus Sachsen","144.8000","144.8000","Kongsberg","JO49SQ","",""
"LD3LL","APRS LoRA","Lifjell/Bø","433.7750","433.7750","Grenland","JO49ML","",""
"LD3NF","APRS","Norefjellstua","144.8000","144.8000","Ringerike","JP40SF","QRT","QRT"
"LD3NM-C","FM/DSTAR Repeater","Norefjellstua","145.5875","144.9875","Modum","JP40SF","123",""
"LD3RI","FM DMR Repeater","Småstein/Skogstad","434.8125","432.8125","Ringerike","JP50EE","74.4/ID:242666",""
"LD3SA","APRS","Sollihøgda","144.8000","144.8000","Ringerike","JO59EX","",""
"LD3SH","APRS","Hvittingen/Sande","144.8000","144.8000","Tønsberg","JO59CN","",""
"LD3SK","APRS","Høglikollen","144.8000","144.8000","Grenland","JO49TG","",""
"LD3ST","DMR Repeater","Frodeåsen","434.5500","432.5500","Tønsberg","JO59DE","ID:242801",""
"LD3TB","APRS","Bergåsen","144.8000","144.8000","Tønsberg","JO59CI","",""
"LD3TD","DMR Repeater","Vetan/Nøtterøy","434.5625","432.5625","Tønsberg","JO59FE","",""
"LD3TE","APRS","Eirefjell/Tokke","144.8000","144.8000","Grenland","JO49BL","",""
"LD3TO","APRS","Tosevikseter","144.8000","144.8000","Ringerike","JP40XJ","",""
"LD3VL","APRS LoRA","Vealøs/Skien","433.7750","433.7750","Grenland","JO49UF","",""
"LD3VM","APRS","Tomtebo/Vikersund","144.8000","144.8000","Modum","JO49XX","",""
"LD4AA","APRS","Tveitheia/Åmli","144.8000","144.8000","Arendal","JO48GS","",""
"LD4AI","APRS","Fjæreheia/Grimstad","144.8000","144.8000","Arendal","JO48GJ","",""
"LD4AK","APRS","Kilsund","144.8000","144.8000","Arendal","JO48LN","",""
"LD4AR-B","DSTAR Repeater","Kilsund","434.7750","432.7750","Arendal","JO48LN","",""
"LD4AR-C","DSTAR Repeater","Kilsund","145.7375","145.1375","Arendal","JO48LN","",""
"LD4AT","APRS","Vardåsen/Tromøya","144.8000","144.8000","Arendal","JO48JK","",""
"LD4BO","APRS","Flakkheia/Birkeland","144.8000","144.8000","Arendal","JO48CI","",""
"LD4EG","APRS","Egersund/Gaupelemfjell","144.8000","144.8000","Jæren","JO38DO","",""
"LD4EI","APRS","Egersund","144.8000","144.8000","Jæren","JO28XK","",""
"LD4ER","DMR Repeater","Egersund/Gaupelemfjell","434.6250","432.6250","Jæren","JO38DO","","Planlagt"
"LD4FF","APRS","Flekkefjord/Storestø","144.8000","144.8000","Mandal","JO38HH","QRT","QRT"
"LD4FH-B","DMR/DSTAR","Fjæreheia/Grimstad","434.7000","432.7000","Arendal","JO48GJ","ID:242702",""
"LD4GA","DMR Repeater","Egersund/Gaupelemfjell","145.5875","144.9875","Jæren","JO38DO","ID: 242390",""
"LD4GF","APRS","Fjæreheia/Grimstad","144.8000","144.8000","Arendal","JO48GJ","",""
"LD4GJ-A","DSTAR Repeater","Ålgård","1297.0000","1291.0000","Jæren","JO28WS","QRT ID: 242333?","QRT"
"LD4GJ-B","DSTAR Repeater","Ålgård","434.9500","432.9500","Jæren","JO28WS","ID:242333",""
"LD4GJ-C","DSTAR Repeater","Ålgård","145.7875","145.1875","Jæren","JO28WS","",""
"LD4GL","Winlink Packet","Egersund/Gaupelemfjell","433.7250","433.7250","Jæren","JO38DO","",""
"LD4GS","APRS","Stormyrheia","144.8000","144.8000","Arendal","JO48FK","",""
"LD4HS","Winlink Packet","Karmøy/Sandve","144.9250","144.9250","Haugaland","JO29OE","",""
"LD4KA","APRS","Kristiansand/Slettheia","144.8000","144.8000","Kristiansand","JO38XD","",""
"LD4KD","APRS","Setesdal/Hovassfjell","144.8000","144.8000","Kristiansand","","",""
"LD4KH","DMR Repeater","Kvinesheia/Haugeheia","145.7625","145.1625","Sandnes","JO38NH","ID:242710",""
"LD4KO","DMR Repeater","Redalshei","434.6000","432.6000","Kristiansand","JO38XE","QRT","QRT"
"LD4KS","Packet","Karmøy/Sandve","144.9250","144.9250","Haugaland","JO29OE","QRT","QRT"
"LD4LA-B","DMR/DSTAR","Voreknuten","434.8625","432.8625","Sandnes","JO38GI","ID:242703",""
"LD4LF","APRS","Bonjeåsen/Justøy","144.8000","144.8000","Arendal","JO48EE","",""
"LD4LI","DMR Repeater","Stavanger/Lifjell","434.9750","432.9750","Sandnes","JO28VW","ID: 242310",""
"LD4LK-C","DSTAR Repeater","Liknes/Kvinesheia","145.6875","145.0875","Sandnes","JO38NH","",""
"LD4NB","APRS","Nærbø/Våland","144.8000","144.8000","Jæren","JO28UP","",""
"LD4RH-B","DSTAR Repeater","Heiberg/Søndeled","434.5375","432.5375","Arendal","JO48NS","",""
"LD4RP","APRS","Puntsnes","144.8000","144.8000","Ryfylke","JO39","",""
"LD4SH","APRS","Søndeled/Heiberget","144.8000","144.8000","Arendal","JO48NS","",""
"LD4SJ","APRS","Jæren/Sandved","144.8000","144.8000","Jæren","JO28UU","",""
"LD4ST","APRS","Jørpeland","144.8000","144.8000","Jæren","JO29XB","",""
"LD4VF-B","DSTAR Repeater","Stavanger/Lifjell","434.5500","432.5500","Sandnes","JO28VW","",""
"LD4VK","APRS","Voreknuten","144.8000","144.8000","Sandnes","JO38DI","",""
"LD4VS","APRS","Vegårshei/Slettåsheia","144.8000","144.8000","Arendal","JO48JQ","",""
"LD5AG","APRS","Åsane/Geitanuken","144.8000","144.8000","Bergen","JP20PL","",""
"LD5AV","APRS","Karmøy/Steinsfjellet","144.8000","144.8000","Haugaland","JO29PK","","Test"
"LD5BE","APRS","Bergen/Bildefjellet","144.8000","144.8000","Bergen","JP20NI","",""
"LD5BF","APRS IGate","Finsehytta","144.8001","144.8001","Bergen","JP30SO","",""
"LD5BG-B","DSTAR Repeater","Bergen/Bildefjellet","434.5500","432.5500","Bergen","JP20NI","",""
"LD5BH","APRS","Hardangerjøkullen","144.8000","144.8000","Bergen","JP30RN","",""
"LD5BR","DMR Repeater","Bergen/Rundemannen","434.8250","432.8250","Bergen","JP20QJ","ID: 242210",""
"LD5ED","DMR Repeater","Bergen/Eksingedalen","434.6875","432.6875","Bergen","JP30BT","QRT ID: 242210","QRT"
"LD5GU","APRS","Gulen/Brosviksåta","144.8000","144.8000","Bergen","JP21NA","",""
"LD5HH","DMR Repeater","Karmøy/Helgelandsfjellet","434.7500","432.7500","Haugaland","JO29PI","ID: 242323",""
"LD5HJ","APRS","Hjellstad","144.8000","144.8000","Bergen","JP20OG","","QRT"
"LD5KH","APRS","Karmøy/Helgelandsfjellet","144.8000","144.8000","Haugaland","JO29PI","",""
"LD5KN","APRS","Knarvik","144.8000","144.8000","Bergen","JP20PN","",""
"LD5KS","APRS","Kysnesstranda/Hammaren","144.8000","144.8000","Bergen","JP30BE","",""
"LD5MT","APRS","Melstveit","144.8000","144.8000","Bergen","JP30CJ","",""
"LD5SK","APRS","Stord/Kattnakken","144.8000","144.8000","Bergen","JO29RU","",""
"LD5VO","APRS","Voss/Lønahorgi","144.8000","144.8000","Voss","JP30EQ","",""
"LD6BE","APRS","Blåhornet, Norddal","144.8000","144.8000","Ålesund","JP32NG","",""
"LD6BK","APRS","Klettkoven","144.8000","144.8000","Fauske","JP77ME","",""
"LD6BS","APRS","Bremanger/Steinfjellet","144.8000","144.8000","Måløy","JP21MU","",""
"LD6FD","APRS","Førde/Hafstadfjell","144.8000","144.8000","Firda","JP21WK","",""
"LD6FF","FM DMR Repeater","Storåsen","434.8750","432.8750","Firda","JP21MO","123/ID:242013",""
"LD6FL","APRS","Florø","144.8000","144.8000","Florø","JP21MO","",""
"LD6FR","DMR Repeater","Hafstadfjellet","434.6500","432.6500","Firda","JP21WK","ID:",""
"LD6HO","APRS","Hornindal","144.8000","144.8000","Bergen","JP31GW","",""
"LD6KN","APRS IGate","Kristiansund","144.8000","144.8000","Kristiansund","JP33VC","",""
"LD6LB","APRS IGate","Humla","144.8000","144.8000","Ålesund","JP32DK","",""
"LD6LF","APRS","Ørskog/Lebergsfjellet","144.8000","144.8000","Ålesund","JP32KM","",""
"LD6MD","APRS","Molde/Tussen","144.8000","144.8000","Molde","JP32PS","",""
"LD6NT","APRS","Nerlandsøy/Teigetua","144.8000","144.8000","Søre Sunnmøre","JP22TI","",""
"LD6RF","APRS","Reinsfjell","144.8000","144.8000","Kristiansund","JP32XW","",""
"LD6SA","APRS","Sagtennene","144.8000","144.8000","Firda","JP31BV","",""
"LD6SB","APRS","Svinberget","144.8000","144.8000","Molde","JP42FR","",""
"LD6SD","APRS","Sunnylven","144.8000","144.8000","Ålesund","JP32MI","",""
"LD6SG","APRS","Sunndalen/Grøvllægdin","144.8000","144.8000","Molde","JP42KO","",""
"LD6SH","APRS","Spjelkavik/Høgelia","144.8000","144.8000","Ålesund","JP32EK","QRT","QRT"
"LD6SO","APRS","Sogndal/Storehogen","144.8000","144.8000","Firda","JP31NE","",""
"LD6ST","APRS","Stryn/Svarstadveten","144.8000","144.8000","Firda","JP31HV","QRT","QRT"
"LD6VS","APRS","Volda/Sandhornet","144.8000","144.8000","Søre Sunnmøre","JP32BD","",""
"LD7FB","APRS","Fosen/Bessakerfjorden","144.8000","144.8000","Fosen","JP54EF","",""
"LD7FF-B","DMR/DSTAR","Forbordsfjell","434.6750","432.6750","Stjørdal","JP53KM","ID242440",""
"LD7FO","APRS","Fosen/Tarva","144.8000","144.8000","Fosen","JP43QS","",""
"LD7FS","APRS","Fosen/Stadsbygd","144.8000","144.8000","Fosen","JP43XM","",""
"LD7GG","APRS","Grong/Geitfjellet","144.8000","144.8000","Namdal","JP64CJ","",""
"LD7NA","APRS","Namsos/Vattafjell","144.8000","144.8000","Namdal","JP54RL","",""
"LD7ST","APRS","Steinkjer/Offenåsen","144.8000","144.8000","Inntrøndelag","JP53SX","",""
"LD7TB","APRS","Bringen","144.8000","144.8000","Trondheim","JP53NB","",""
"LD7TD","DMR Repeater","Vassfjellet","434.7000","432.7000","Trondheim","JP53EG","ID: 242018",""
"LD7TG","APRS","Gråkallen","144.8000","144.8000","Trondheim","JP53DK","",""
"LD7TH","APRS","Litjvola/Tydal","144.8000","144.8000","Trondheim","JP53FK","",""
"LD7TL","Winlink packet","Gråkallen","433.7250","433.7250","Trondheim","JP53DK","",""
"LD7TO","APRS","Oppdal","144.8000","144.8000","Trondheim","JP42UN","",""
"LD7TR","APRS","Ruten","144.8000","144.8000","Trondheim","JP43NE","",""
"LD7TS","APRS","Støren","144.8000","144.8000","Trondheim","JP53DA","",""
"LD7TT","APRS","Tyholt","144.8000","144.8000","Trondheim","JP53FK","",""
"LD7TV","Winlink packet","Vassfjellet","144.9500","144.9500","Trondheim","JP53EG","",""
"LD7VD","APRS","Verdal","144.8000","144.8000","Inntrøndelag","JP53SU","",""
"LD7VM","DMR Repeater","Verdal/Marsteinsvola","434.6000","432.6000","Inntrøndelag","JP53SU","ID: 242444",""
"LD8AR","APRS","Andenes/Ramnan","144.8000","144.8000","Tromsø","JP89AG","QRT","QRT"
"LD8BK","APRS","Fauske/Klettkoven","144.8000","144.8000","Bodø","JP77ME","",""
"LD8BS","DMR/DSTAR","Mosheim/Brønnøysund","434.9750","432.9750","Sandnessjøen","JP65CL","ID:242906",""
"LD8DF","APRS","Dønnesfjellet/Sandnessjøen","144.8000","144.8000","Sandnessjøen","JP66GE","",""
"LD8DN-B","DSTAR Repeater","Dønnesfjellet/Sandnessjøen","433.6375","433.6375","Sandnessjøen","JP66GE","QRT","QRT"
"LD8FS","APRS","Fornesfjell","144.8000","144.8000","Fauske","JP77RK","",""
"LD8FT","DMR Repeater","Bjørnmoveien","434.9500","432.9500","Fauske","JP77RF","ID:242917",""
"LD8GS","APRS","Grane/Strendene","144.8000","144.8000","Mosjøen","JP65QK","",""
"LD8HB","APRS","Hemnes/Bleikvasslia","144.8000","144.8000","Mosjøen","JP65VU","",""
"LD8HV","APRS","Hemnes/Vettahaugen","144.8000","144.8000","Mo i Rana","JP66UE","",""
"LD8KV","APRS","Keiservarden","144.8000","144.8000","Bodø","JP77FH","IGate",""
"LD8LF","Winlink Packet","Telegrafveien","144.9250","144.9250","Fauske","JP77PF","",""
"LD8LK-B","DSTAR Repeater","Leknes","433.6375","433.6375","Vesterålen","JP68TD","",""
"LD8LR","DMR Repeater","Lødingen","434.6250","432.6250","Harstad","JP78XJ","ID:242911",""
"LD8MB","APRS","Mosjøen/Bjørnålia","144.8000","144.8000","Mosjøen","JP65PS","",""
"LD8MK","DMR Repeater","Mosjøen/Kappfjell","145.6500","145.0500","Mosjøen","JP65RH","ID: 242008",""
"LD8MM-B","DSTAR Repeater","Meløy/Ørnes","433.6875","0.0000","Bodø","JP66UV","123",""
"LD8MR","C4FM/DSTAR/DMR","Mo i Rana/Toraneset","434.8500","432.8500","Mo i Rana","JP76BH","ID: 242904",""
"LD8MV","DMR Repeater","Mosjøen/Vardefjell","434.8250","432.8250","Mosjøen","JP65OU","ID: 242902",""
"LD8NA-B","DSTAR Repeater","Narvik/Fjellheisen","434.7750","432.7750","Narvik","JP88RK","",""
"LD8NB","APRS","Narvik/Bjørnfjell","144.8000","144.8000","Narvik","JP98AK","",""
"LD8NK","APRS","Nesna/Kvassnes","144.8000","144.8000","Mo i Rana","JP66MF","",""
"LD8NN-B","C4FM/DSTAR/DMR","Nesna/Kvassnes","433.2750","433.2750","Mo i Rana","JP66MF","ID: 242905",""
"LD8NO","APRS","","144.8000","144.8000","Narvik","JP88OL","",""
"LD8NV","APRS","Narvik","144.8000","144.8000","Narvik","JP88RL","",""
"LD8RA","APRS","Andfjell","144.8000","144.8000","Mo i Rana","JP76OK","",""
"LD8RH","APRS","Rana/Hellerfjell","144.8000","144.8000","Mo i Rana","JP76FE","",""
"LD8RS","APRS","Raudtind","144.8000","144.8000","Fauske","JP77RF","",""
"LD8SA","DMR Repeater","Høgåsen/Sandnessjøen","434.8000","432.8000","Sandnessjøen","JP66HA","ID: 242903",""
"LD8SH","APRS","Sulitjelma/Hanken","144.8000","144.8000","Bodø","JP87BD","",""
"LD8SH","APRS","Hanken, Sulitjelma","144.8000","144.8000","Fauske","","",""
"LD8SS","APRS","Høgåsen/Sandnessjøen","144.8000","144.8000","Sandnessjøen","JP66HA","",""
"LD8TB","APRS","Tysfjord/Bognesveten","144.8000","144.8000","Harstad","JP88AF","QRT","QRT"
"LD8VR","DMR Repeater","Sortland","434.6750","432.6750","Vesterålen","JP78QQ","",""
"LD9AB","Winlink Packet","Andfjellbruna","144.9250","144.9250","Midt-Troms","JP99GD","Winlink",""
"LD9AD","FM/DMR Repeater","Algas","434.8000","432.8000","Alta","KQ10LC","QRT ID:242918","QRT"
"LD9AF","APRS","Andsfjell","144.8000","144.8000","Midt-Troms","JP99GD","",""
"LD9AH","DMR Repeater","Hasvik/Sørøya","145.7375","145.1375","Alta","KQ10BL","QRT",""
"LD9AT","APRS","Kråknes","144.8000","144.8000","Alta","KQ10NA","",""
"LD9AV","APRS","Altevann/Slåttmoberget","144.8000","144.8000","Midt-Troms","JP98OI","",""
"LD9BA","APRS","Varhaugen/Balsfjord","144.8000","144.8000","Midt-Troms","JP99QF","",""
"LD9BK","APRS","Bjarkøy/Krøttøykollen","144.8000","144.8000","Harstad","JP89GB","",""
"LD9DM","APRS","Domen/Vardø","144.8000","144.8000","Kirkenes","KQ50NH","",""
"LD9HA","APRS","Maistua","144.8000","144.8000","Harstad","JP88GS","",""
"LD9HB","BPQ32 Link","Maistua","70.3125","70.3125","Harstad","JP88GS","",""
"LD9HH","APRS","Heggenkollen","144.8000","144.8000","Harstad","JP88GS","",""
"LD9HK","APRS","Kvæfjord","144.8000","144.8000","Harstad","JP88CS","",""
"LD9HM","DMR Repeater","Maistua","434.8000","432.8000","Harstad","JP88GS","",""
"LD9HN","APRS","Hammerfest","144.8000","144.8000","Nordkapp","KQ10UQ","",""
"LD9HO","APRS","Sollifjell","144.8000","144.8000","Harstad","JP88ET","",""
"LD9HR","DMR Repeater","Samaåsen","434.6750","432.6750","Harstad","JP88GT","ID:242910",""
"LD9HS","APRS","Hasvik/Sørøya","144.8000","144.8000","Alta","KQ10BL","",""
"LD9HT","BPQ32 Link","Nattmålstind/Senja","70.3125","70.3125","Harstad","JP89UH","",""
"LD9KA","APRS","Kautokeino","144.8000","144.8000","Alta","KP19MA","",""
"LD9KB","DMR Repeater","Kvæfjord","434.9750","432.9750","Harstad","JP88BS","ID:242913",""
"LD9KK","APRS","Kvæfjord/Kveøy","144.8000","144.8000","Harstad","JP88BS","",""
"LD9KR","APRS","Kautokeino","144.8000","144.8000","Alta","KP19MA","",""
"LD9KS","APRS","Stuorra","144.8000","144.8000","Alta","KQ20SI","",""
"LD9LY","APRS","Årøybukt/Lyngen","144.8000","144.8000","Tromsø","KP09DP","",""
"LD9MB","BPQ32 Link","Andsfjell","70.3125","70.3125","Harstad","JP99GD","",""
"LD9MM","DMR Repeater","Setermoen","434.6125","432.6125","Midt-Troms","JP98FV","QRT","planlagt"
"LD9MS","DMR Repeater","Spansdalen","434.6375","432.6375","Midt-Troms","JP88WR","QRT","planlagt"
"LD9NG","APRS","Gratangen","144.8000","144.8000","Narvik","JP88VP","",""
"LD9NK","APRS","Honningsvågfjell","144.8000","144.8000","Nordkapp","KQ20WX","",""
"LD9PS","APRS","Porsanger/Sandviktoppen","144.8000","144.8000","Nordkapp","KQ20OH","Planlagt",""
"LD9SH","APRS","Storeheia/Hadsel","144.8000","144.8000","Vesterålen","JP78OM","",""
"LD9SJ","APRS","Nattmålstind/Senja","144.8000","144.8000","Midt-Troms","JP89UH","",""
"LD9SK","APRS","Bertelfjell/Sørkjosen","144.8000","144.8000","Tromsø","KP09KT","",""
"LD9SM","APRS","Holtet/Setermoen","144.8000","144.8000","Midt-Troms","JP98BQ","",""
"LD9SV","APRS","Skrova","144.8000","144.8000","Harstad","JP78HE","",""
"LD9TB","BPQ32 Link","Tromsø","70.3125","70.3125","Harstad","JP99LP","",""
"LD9TD","APRS","Fjellheisen","144.8000","144.8000","Tromsø","JP99LP","",""
"LD9TF","APRS","Furuflaten","144.8000","144.8000","Tromsø","KP09BK","",""
"LD9TK","APRS","Kjølen","144.8000","144.8000","Tromsø","JP99JR","",""
"LD9TN-B","DMR Repeater","Fløyfjellet","434.8000","432.8000","Tromsø","JP99MP","ID: 242922","0"
"LD9TT","APRS","Tønsnes","144.8000","144.8000","Tromsø","JP99NR","",""
"LD9TU","APRS","Ullsneshaugen/Lyngen","144.8000","144.8000","Tromsø","JP99VQ","",""
"LD9VG","APRS","Hesseng/Verigas","144.8000","144.8000","Kirkenes","KP49WR","",""
"LD9VN","APRS","Vannøy/Kvalkjeften","144.8000","144.8000","Tromsø","JQ90UE","",""
