repeater_call_sign,kind,enabled,label,note,rx_hz,tx_hz,fm_bandwidth,rx_tone_kind,rx_ctcss_hz,rx_dcs_code,tx_tone_kind,tx_ctcss_hz,tx_dcs_code,dmr_color_code,dmr_repeater_id,dmr_network,dstar_mode,dstar_gateway_call_sign,dstar_reflector,c4fm_wires_x_node_id,c4fm_room,aprs_mode,aprs_path,ssb_sideband
JW9SRR,Fm,true,VHF,,145000000,145600000,Narrow,CTCSS,91.5,,CTCSS,91.5,,,,,,,,,,,,
LA1HRR,Fm,true,VHF,,433400000,144662500,Narrow,CTCSS,77.0,,CTCSS,77.0,,,,,,,,,,,,
LA1KRR,Fm,true,UHF,,432925000,434925000,Narrow,CTCSS,110.9,,CTCSS,110.9,,,,,,,,,,,,
LA1KRR,Dmr,true,UHF,,432925000,434925000,,,,,,,,1,242101,unknown,,,,,,,,
LA1OS,Aprs,true,VHF,,144800000,144800000,,,,,,,,,,,,,,,,Igate,,
LA1RRR,Fm,true,UHF,,433987500,433987500,Narrow,CTCSS,123.0,,CTCSS,123.0,,,,,,,,,,,,
LA1SRR,Fm,true,UHF,,432725000,434725000,Narrow,CTCSS,67.0,,CTCSS,67.0,,,,,,,,,,,,
LA1SRR,C4fm,true,UHF,,432725000,434725000,,,,,,,,,,,,,,,,,,
LA1TRR,Fm,true,UHF,,432875000,434875000,Narrow,CTCSS,67.0,,CTCSS,67.0,,,,,,,,,,,,
LA1XRR,Fm,true,HF,,29550000,29650000,Narrow,CTCSS,110.9,,CTCSS,110.9,,,,,,,,,,,,
LA1ZRR,Fm,true,VHF,,145237500,145237500,Narrow,CTCSS,123.0,,CTCSS,123.0,,,,,,,,,,,,
LA2BRR,Fm,true,VHF,,145037500,145637500,Narrow,CTCSS,88.5,,CTCSS,88.5,,,,,,,,,,,,
LA2DRR,Dmr,true,UHF,,432825000,434825000,,,,,,,,1,242603,unknown,,,,,,,,
LA2ERR,Fm,true,UHF,,432850000,434850000,Narrow,None,,,None,,,,,,,,,,,,,
LA2FRR,Fm,true,UHF,,1291000000,1297000000,Narrow,None,,,None,,,,,,,,,,,,,
LA2HRR,Fm,true,VHF,,145100000,145700000,Narrow,CTCSS,88.5,,CTCSS,88.5,,,,,,,,,,,,
LA2JRR,Fm,true,VHF,,145062500,145662500,Narrow,CTCSS,88.5,,CTCSS,88.5,,,,,,,,,,,,
LA2KRR,Fm,true,UHF,,432650000,434650000,Narrow,CTCSS,71.9,,CTCSS,71.9,,,,,,,,,,,,
LA2KRR,C4fm,true,UHF,,432650000,434650000,,,,,,,,,,,,,,,,,,
LA2LRR,Fm,true,UHF,,432700000,434700000,Narrow,CTCSS,123.0,,CTCSS,123.0,,,,,,,,,,,,
LA2RRR,Fm,true,VHF,,51230000,51830000,Narrow,CTCSS,71.9,,CTCSS,71.9,,,,,,,,,,,,
LA2TRR,Fm,true,VHF,,433175000,145237500,Narrow,CTCSS,88.5,,CTCSS,88.5,,,,,,,,,,,,
LA2XRR,Fm,true,VHF,,145112500,145712500,Narrow,CTCSS,71.9,,CTCSS,71.9,,,,,,,,,,,,
LA2YRR,Dmr,true,UHF,,432750000,434750000,,,,,,,,1,242103,unknown,,,,,,,,
LA3ARR,Fm,true,UHF,,432762500,434762500,Narrow,CTCSS,123.0,,CTCSS,123.0,,,,,,,,,,,,
LA3BRR,Fm,true,VHF,,144962500,145562500,Narrow,CTCSS,74.4,,CTCSS,74.4,,,,,,,,,,,,
LA3DRR,Fm,true,UHF,,432612500,434612500,Narrow,CTCSS,74.4,,CTCSS,74.4,,,,,,,,,,,,
LA3ERR,Fm,true,VHF,,434762500,144687500,Narrow,None,,,None,,,,,,,,,,,,,
LA3FRR,Fm,true,VHF,,145175000,145775000,Narrow,CTCSS,67.0,,CTCSS,67.0,,,,,,,,,,,,
LA3GRR,Fm,true,VHF,,145012500,145612500,Narrow,CTCSS,74.4,,CTCSS,74.4,,,,,,,,,,,,
LA3GRR,Fm,true,UHF,,430587500,432587500,Narrow,CTCSS,74.4,,CTCSS,74.4,,,,,,,,,,,,
LA3HRR,Fm,true,VHF,,433125000,144637500,Narrow,CTCSS,74.4,,CTCSS,74.4,,,,,,,,,,,,
LA3JRR,Fm,true,UHF,,432675000,434675000,Narrow,CTCSS,74.4,,CTCSS,74.4,,,,,,,,,,,,
LA3KRR,Fm,true,1,,144962500,145562500,Narrow,None,,,None,,,,,,,,,,,,,
LA3KRR,Fm,true,2,,432587500,434587500,Narrow,None,,,None,,,,,,,,,,,,,
LA3NRR,Fm,true,VHF,,433087500,145050000,Narrow,CTCSS,74.4,,CTCSS,74.4,,,,,,,,,,,,
LA3NRR,Fm,true,UHF,,432825000,434825000,Narrow,CTCSS,74.4,,CTCSS,74.4,,,,,,,,,,,,
LA3RRR,Fm,true,VHF,,145087500,145687500,Narrow,CTCSS,123.0,,CTCSS,123.0,,,,,,,,,,,,
LA3SRR,Fm,true,VHF,,144675000,145275000,Narrow,CTCSS,74.4,,CTCSS,74.4,,,,,,,,,,,,
LA3SRR,Fm,true,UHF,,430587500,432587500,Narrow,CTCSS,74.4,,CTCSS,74.4,,,,,,,,,,,,
LA3VRR,Fm,true,UHF,,432587500,434587500,Narrow,CTCSS,74.4,,CTCSS,74.4,,,,,,,,,,,,
LA3VRR,C4fm,true,UHF,,432587500,434587500,,,,,,,,,,,,,,,,,,
LA3XRR,Fm,true,VHF,,144625000,145225000,Narrow,CTCSS,74.4,,CTCSS,74.4,,,,,,,,,,,,
LA3XRR,Fm,true,UHF,,430587500,432587500,Narrow,CTCSS,74.4,,CTCSS,74.4,,,,,,,,,,,,
LA4A_,Fm,true,UHF,,432700000,434700000,Narrow,None,,,None,,,,,,,,,,,,,
LA4A_,Fm,true,VHF,,145175000,145775000,Narrow,None,,,None,,,,,,,,,,,,,
LA4A_,Dmr,true,UHF,,432700000,434700000,,,,,,,,1,,unknown,,,,,,,,
LA4A_,C4fm,true,UHF,,432700000,434700000,,,,,,,,,,,,,,,,,,
LA4ARR,Fm,true,UHF,,432625000,434625000,Narrow,CTCSS,123.0,,CTCSS,123.0,,,,,,,,,,,,
LA4BRR,Fm,true,UHF,,432900000,434900000,Narrow,CTCSS,123.0,,CTCSS,123.0,,,,,,,,,,,,
LA4CRR,Fm,true,VHF,,434825000,144650000,Narrow,CTCSS,77.0,,CTCSS,77.0,,,,,,,,,,,,
LA4ERR,Fm,true,UHF,,432875000,434875000,Narrow,CTCSS,123.0,,CTCSS,123.0,,,,,,,,,,,,
LA4FRR,Fm,true,VHF,,145125000,145725000,Narrow,None,,,None,,,,,,,,,,,,,
LA4JRR,Fm,true,UHF,,432700000,434700000,Narrow,None,,,None,,,,,,,,,,,,,
LA4JRR,C4fm,true,UHF,,432700000,434700000,,,,,,,,,,,,,,,,,,
LA4KRR,Fm,true,UHF,,432825000,434825000,Narrow,CTCSS,123.0,,CTCSS,123.0,,,,,,,,,,,,
LA4LRR,Fm,true,VHF,,145037500,145637500,Narrow,CTCSS,123.0,,CTCSS,123.0,,,,,,,,,,,,
LA4MRR,Fm,true,UHF,,432900000,434900000,Narrow,None,,,None,,,,,,,,,,,,,
LA4ORR,Fm,true,VHF,,145012500,145612500,Narrow,CTCSS,123.0,,CTCSS,123.0,,,,,,,,,,,,
LA4RRR,Fm,true,VHF,,145612500,145012500,Narrow,CTCSS,74.4,,CTCSS,74.4,,,,,,,,,,,,
LA4SRR,Fm,true,VHF,,145112500,145712500,Narrow,CTCSS,79.7,,CTCSS,79.7,,,,,,,,,,,,
LA4URR,Fm,true,UHF,,432875000,434875000,Narrow,None,,,None,,,,,,,,,,,,,
LA4WRR,Fm,true,UHF,,432850000,434850000,Narrow,CTCSS,123.0,,CTCSS,123.0,,,,,,,,,,,,
LA5AR,Fm,true,VHF,,145100000,145700000,Narrow,None,,,None,,,,,,,,,,,,,
LA5ARR,Fm,true,UHF,,432775000,434775000,Narrow,CTCSS,71.9,,CTCSS,71.9,,,,,,,,,,,,
LA5BR,Fm,true,VHF,,145150000,145750000,Narrow,CTCSS,97.4,,CTCSS,97.4,,,,,,,,,,,,
LA5CR,Fm,true,UHF,,432675000,434675000,Narrow,CTCSS,107.2,,CTCSS,107.2,,,,,,,,,,,,
LA5CRR,Fm,true,VHF,,433050000,144650000,Narrow,CTCSS,70.0,,CTCSS,70.0,,,,,,,,,,,,
LA5DR,Fm,true,VHF,,145125000,145725000,Narrow,CTCSS,74.4,,CTCSS,74.4,,,,,,,,,,,,
LA5ER,Fm,true,VHF,,145112500,145712500,Narrow,CTCSS,74.4,,CTCSS,74.4,,,,,,,,,,,,
LA5FR,Fm,true,VHF,,145187500,145787500,Narrow,CTCSS,123.0,,CTCSS,123.0,,,,,,,,,,,,
LA5FR,C4fm,true,VHF,,145187500,145787500,,,,,,,,,,,,,,,,,,
LA5GR,Fm,true,VHF,,145050000,145650000,Narrow,CTCSS,74.4,,CTCSS,74.4,,,,,,,,,,,,
LA5HR,Fm,true,VHF,,145025000,145625000,Narrow,CTCSS,74.4,,CTCSS,74.4,,,,,,,,,,,,
LA5HRR,Fm,true,VHF,,145050000,145650000,Narrow,CTCSS,88.5,,CTCSS,88.5,,,,,,,,,,,,
LA5IR,Fm,true,VHF,,145100000,145700000,Narrow,CTCSS,82.5,,CTCSS,82.5,,,,,,,,,,,,
LA5IR,C4fm,true,VHF,,145100000,145700000,,,,,,,,,,,,,,,,,,
LA5JR,Fm,true,UHF,,432625000,434625000,Narrow,CTCSS,123.0,,CTCSS,123.0,,,,,,,,,,,,
LA5JRR,Fm,true,VHF,,145187500,145787500,Narrow,CTCSS,88.5,,CTCSS,88.5,,,,,,,,,,,,
LA5KR,Fm,true,VHF,,145050000,145650000,Narrow,CTCSS,71.9,,CTCSS,71.9,,,,,,,,,,,,
LA5LRR,Fm,true,VHF,,145725000,145125000,Narrow,CTCSS,123.0,,CTCSS,123.0,,,,,,,,,,,,
LA5MR,Fm,true,VHF,,145025000,145625000,Narrow,CTCSS,88.5,,CTCSS,88.5,,,,,,,,,,,,
LA5NR,Fm,true,VHF,,145175000,145775000,Narrow,CTCSS,123.0,,CTCSS,123.0,,,,,,,,,,,,
LA5OR,Fm,true,VHF,,145000000,145600000,Narrow,CTCSS,123.0,,CTCSS,123.0,,,,,,,,,,,,
LA5PR,Fm,true,VHF,,145000000,145600000,Narrow,None,,,None,,,,,,,,,,,,,
LA5QR,Fm,true,VHF,,145025000,145625000,Narrow,CTCSS,123.0,,CTCSS,123.0,,,,,,,,,,,,
LA5QR,C4fm,true,VHF,,145025000,145625000,,,,,,,,,,,,,,,,,,
LA5RR,Fm,true,VHF,,145075000,145675000,Narrow,CTCSS,123.0,,CTCSS,123.0,,,,,,,,,,,,
LA5RRR,Fm,true,UHF,,432600000,434600000,Narrow,CTCSS,91.5,,CTCSS,91.5,,,,,,,,,,,,
LA5RRR,Dmr,true,UHF,,432600000,434600000,,,,,,,,1,,unknown,,,,,,,,
LA5SR,Fm,true,VHF,,145150000,145750000,Narrow,CTCSS,74.4,,CTCSS,74.4,,,,,,,,,,,,
LA5TR,Fm,true,VHF,,145075000,145675000,Narrow,None,,,None,,,,,,,,,,,,,
LA5TRR,Fm,true,VHF,,145125000,145725000,Narrow,CTCSS,88.5,,CTCSS,88.5,,,,,,,,,,,,
LA5UR,Fm,true,VHF,,51210000,51810000,Narrow,None,,,None,,,,,,,,,,,,,
LA5VR,Fm,true,VHF,,145025000,145625000,Narrow,CTCSS,123.0,,CTCSS,123.0,,,,,,,,,,,,
LA5VRR,Fm,true,UHF,,434800000,432800000,Narrow,None,,,None,,,,,,,,,,,,,
LA5WR,Fm,true,UHF,,432750000,434750000,Narrow,CTCSS,123.0,,CTCSS,123.0,,,,,,,,,,,,
LA5WR,C4fm,true,UHF,,432750000,434750000,,,,,,,,,,,,,,,,,,
LA5WRR,Fm,true,VHF,,144975000,145575000,Narrow,None,,,None,,,,,,,,,,,,,
LA5WRR,Dmr,true,VHF,,144975000,145575000,,,,,,,,1,242220,unknown,,,,,,,,
LA5XR,Fm,true,UHF,,432725000,434725000,Narrow,None,,,None,,,,,,,,,,,,,
LA5YR,Fm,true,UHF,,432900000,434900000,Narrow,CTCSS,123.0,,CTCSS,123.0,,,,,,,,,,,,
LA6AR,Fm,true,VHF,,145125000,145725000,Narrow,CTCSS,88.5,,CTCSS,88.5,,,,,,,,,,,,
LA6ARR,Fm,true,VHF,,145000000,145600000,Narrow,CTCSS,91.5,,CTCSS,91.5,,,,,,,,,,,,
LA6BR,Fm,true,VHF,,145150000,145750000,Narrow,None,,,None,,,,,,,,,,,,,
LA6CR,Fm,true,UHF,,432625000,434625000,Narrow,None,,,None,,,,,,,,,,,,,
LA6DR,Fm,true,UHF,,432650000,434650000,Narrow,CTCSS,91.5,,CTCSS,91.5,,,,,,,,,,,,
LA6DR,Dmr,true,UHF,,432650000,434650000,,,,,,,,1,,unknown,,,,,,,,
LA6ER,Fm,true,VHF,,145125000,145725000,Narrow,CTCSS,107.2,,CTCSS,107.2,,,,,,,,,,,,
LA6ERR,Fm,true,VHF,,145400000,145400000,Narrow,None,,,None,,,,,,,,,,,,,
LA6FR,Fm,true,VHF,,145025000,145625000,Narrow,CTCSS,123.0,,CTCSS,123.0,,,,,,,,,,,,
LA6GR,Fm,true,UHF,,432750000,434750000,Narrow,CTCSS,71.9,,CTCSS,71.9,,,,,,,,,,,,
LA6HR,Fm,true,UHF,,432650000,434650000,Narrow,CTCSS,74.4,,CTCSS,74.4,,,,,,,,,,,,
LA6HR,Dmr,true,UHF,,432650000,434650000,,,,,,,,1,242803,unknown,,,,,,,,
LA6JR,Fm,true,VHF,,145000000,145600000,Narrow,CTCSS,123.0,,CTCSS,123.0,,,,,,,,,,,,
LA6KR,Fm,true,VHF,,145150000,145750000,Narrow,CTCSS,123.0,,CTCSS,123.0,,,,,,,,,,,,
LA6LR,Fm,true,VHF,,433025000,144650000,Narrow,CTCSS,88.5,,CTCSS,88.5,,,,,,,,,,,,
LA6MR,Fm,true,VHF,,145050000,145650000,Narrow,None,,,None,,,,,,,,,,,,,
LA6MRR,Fm,true,UHF,,432650000,434650000,Narrow,CTCSS,82.5,,CTCSS,82.5,,,,,,,,,,,,
LA6NR,Fm,true,VHF,,145175000,145775000,Narrow,CTCSS,88.5,,CTCSS,88.5,,,,,,,,,,,,
LA6PR,Dmr,true,UHF,,432675000,434675000,,,,,,,,1,242901,unknown,,,,,,,,
LA6PRR,Fm,true,UHF,,433050000,433050000,Narrow,None,,,None,,,,,,,,,,,,,
LA6QR,Fm,true,UHF,,432637500,434637500,Narrow,CTCSS,123.0,,CTCSS,123.0,,,,,,,,,,,,
LA6RR,Fm,true,UHF,,432600000,434600000,Narrow,CTCSS,88.5,,CTCSS,88.5,,,,,,,,,,,,
LA6SR,Fm,true,VHF,,145175000,145775000,Narrow,None,,,None,,,,,,,,,,,,,
LA6SRR,Fm,true,UHF,,432625000,434625000,Narrow,CTCSS,82.5,,CTCSS,82.5,,,,,,,,,,,,
LA6SRR,Dmr,true,UHF,,432625000,434625000,,,,,,,,1,,unknown,,,,,,,,
LA6TR,Fm,true,VHF,,145150000,145750000,Narrow,CTCSS,123.0,,CTCSS,123.0,,,,,,,,,,,,
LA6UR,Fm,true,VHF,,145050000,145650000,Narrow,CTCSS,123.0,,CTCSS,123.0,,,,,,,,,,,,
LA6VR,Fm,true,VHF,,145150000,145750000,Narrow,None,,,None,,,,,,,,,,,,,
LA6WR,Fm,true,VHF,,145125000,145725000,Narrow,CTCSS,123.0,,CTCSS,123.0,,,,,,,,,,,,
LA6XR,Fm,true,VHF,,145000000,145600000,Narrow,CTCSS,123.0,,CTCSS,123.0,,,,,,,,,,,,
LA6XR,C4fm,true,VHF,,145000000,145600000,,,,,,,,,,,,,,,,,,
LA6YR,Fm,true,UHF,,432850000,434850000,Narrow,CTCSS,74.4,,CTCSS,74.4,,,,,,,,,,,,
LA6YRR,Fm,true,UHF,,432600000,434600000,Narrow,None,,,None,,,,,,,,,,,,,
LA6ZR,Fm,true,VHF,,145150000,145750000,Narrow,CTCSS,91.5,,CTCSS,91.5,,,,,,,,,,,,
LA7AR,Fm,true,VHF,,145075000,145675000,Narrow,None,,,None,,,,,,,,,,,,,
LA7BR,Fm,true,UHF,,432700000,434700000,Narrow,CTCSS,79.7,,CTCSS,79.7,,,,,,,,,,,,
LA7CR,Fm,true,UHF,,432700000,434700000,Narrow,None,,,None,,,,,,,,,,,,,
LA7CR,Dmr,true,UHF,,432700000,434700000,,,,,,,,1,242604,unknown,,,,,,,,
LA7CR,C4fm,true,UHF,,432700000,434700000,,,,,,,,,,,,,,,,,,
LA7CR,Dstar,true,UHF,,432700000,434700000,,,,,,,,,,,Dv,,,,,,,
LA7ER,Fm,true,VHF,,145050000,145650000,Narrow,None,,,None,,,,,,,,,,,,,
LA7F,Aprs,true,10,,144800000,144800000,,,,,,,,,,,,,,,,Igate,,
LA7FR,Fm,true,UHF,,432700000,434700000,Narrow,CTCSS,123.0,,CTCSS,123.0,,,,,,,,,,,,
LA7GR,Fm,true,VHF,,145125000,145725000,Narrow,CTCSS,71.9,,CTCSS,71.9,,,,,,,,,,,,
LA7GRR,Fm,true,UHF,,432800000,434800000,Narrow,CTCSS,123.0,,CTCSS,123.0,,,,,,,,,,,,
LA7HR,Fm,true,VHF,,145050000,145650000,Narrow,CTCSS,123.0,,CTCSS,123.0,,,,,,,,,,,,
LA7JR,Fm,true,VHF,,144975000,145575000,Narrow,CTCSS,123.0,,CTCSS,123.0,,,,,,,,,,,,
LA7KR,Fm,true,UHF,,432625000,434625000,Narrow,CTCSS,71.9,,CTCSS,71.9,,,,,,,,,,,,
LA7KR,Dmr,true,UHF,,432625000,434625000,,,,,,,,1,242611,unknown,,,,,,,,
LA7KR,C4fm,true,UHF,,432625000,434625000,,,,,,,,,,,,,,,,,,
LA7KR,Dstar,true,UHF,,432625000,434625000,,,,,,,,,,,Dv,,,,,,,
LA7KRR,Fm,true,UHF,,432625000,434625000,Narrow,None,,,None,,,,,,,,,,,,,
LA7LR,Fm,true,UHF,,432925000,434925000,Narrow,CTCSS,74.4,,CTCSS,74.4,,,,,,,,,,,,
LA7LRR,Fm,true,VHF,,145775000,145175000,Narrow,CTCSS,85.4,,CTCSS,85.4,,,,,,,,,,,,
LA7MR,Fm,true,VHF,,145075000,145675000,Narrow,CTCSS,88.5,,CTCSS,88.5,,,,,,,,,,,,
LA7NR,Fm,true,VHF,,145175000,145775000,Narrow,CTCSS,85.4,,CTCSS,85.4,,,,,,,,,,,,
LA7OR,Fm,true,UHF,,432775000,434775000,Narrow,CTCSS,123.0,,CTCSS,123.0,,,,,,,,,,,,
LA7OR,C4fm,true,UHF,,432775000,434775000,,,,,,,,,,,,,,,,,,
LA7ORR,Fm,true,VHF,,145175000,145775000,Narrow,CTCSS,85.4,,CTCSS,85.4,,,,,,,,,,,,
LA7PR,Fm,true,VHF,,145062500,145662500,Narrow,CTCSS,123.0,,CTCSS,123.0,,,,,,,,,,,,
LA7QR,Fm,true,VHF,,433400000,145250000,Narrow,CTCSS,100.0,,CTCSS,100.0,,,,,,,,,,,,
LA7RR,Fm,true,VHF,,145100000,145700000,Narrow,CTCSS,123.0,,CTCSS,123.0,,,,,,,,,,,,
LA7SR,Fm,true,UHF,,432800000,434800000,Narrow,CTCSS,74.4,,CTCSS,74.4,,,,,,,,,,,,
LA7TR,Fm,true,UHF,,432675000,434675000,Narrow,None,,,None,,,,,,,,,,,,,
LA7TRR,Fm,true,VHF,,51250000,51850000,Narrow,CTCSS,85.4,,CTCSS,85.4,,,,,,,,,,,,
LA7UR,Fm,true,UHF,,432675000,434675000,Narrow,CTCSS,71.9,,CTCSS,71.9,,,,,,,,,,,,
LA7URR,Fm,true,UHF,,1271000000,1297000000,Narrow,CTCSS,85.4,,CTCSS,85.4,,,,,,,,,,,,
LA7VR,Fm,true,VHF,,145000000,145600000,Narrow,CTCSS,123.0,,CTCSS,123.0,,,,,,,,,,,,
LA7WR,Fm,true,UHF,,432725000,434725000,Narrow,None,,,None,,,,,,,,,,,,,
LA7XR,Fm,true,VHF,,433050000,144662500,Narrow,CTCSS,77.0,,CTCSS,77.0,,,,,,,,,,,,
LA7YR,Fm,true,VHF,,145100000,145700000,Narrow,CTCSS,91.5,,CTCSS,91.5,,,,,,,,,,,,
LA8BR,Fm,true,VHF,,145025000,145625000,Narrow,CTCSS,123.0,,CTCSS,123.0,,,,,,,,,,,,
LA8BRR,Fm,true,UHF,,432975000,434975000,Narrow,None,,,None,,,,,,,,,,,,,
LA8CR,Fm,true,VHF,,145162500,145762500,Narrow,CTCSS,123.0,,CTCSS,123.0,,,,,,,,,,,,
LA8CRR,Fm,true,UHF,,432850000,434850000,Narrow,CTCSS,88.5,,CTCSS,88.5,,,,,,,,,,,,
LA8DR,Fm,true,VHF,,145075000,145675000,Narrow,None,,,None,,,,,,,,,,,,,
LA8ER,Fm,true,UHF,,432875000,434875000,Narrow,CTCSS,123.0,,CTCSS,123.0,,,,,,,,,,,,
LA8ER,Dmr,true,UHF,,432875000,434875000,,,,,,,,1,242105,unknown,,,,,,,,
LA8FR,Fm,true,VHF,,145025000,145625000,Narrow,CTCSS,123.0,,CTCSS,123.0,,,,,,,,,,,,
LA8GR,Fm,true,VHF,,145175000,145775000,Narrow,CTCSS,97.4,,CTCSS,97.4,,,,,,,,,,,,
LA8HR,Fm,true,VHF,,145050000,145650000,Narrow,CTCSS,74.4,,CTCSS,74.4,,,,,,,,,,,,
LA8HRR,Fm,true,UHF,,433950000,433950000,Narrow,CTCSS,88.5,,CTCSS,88.5,,,,,,,,,,,,
LA8JR,Fm,true,UHF,,434600000,434600000,Narrow,None,,,None,,,,,,,,,,,,,
LA8KR,Fm,true,VHF,,145100000,145700000,Narrow,CTCSS,74.4,,CTCSS,74.4,,,,,,,,,,,,
LA8LR,Fm,true,VHF,,145050000,145650000,Narrow,None,,,None,,,,,,,,,,,,,
LA8LRR,Fm,true,VHF,,145075000,145675000,Narrow,CTCSS,88.5,,CTCSS,88.5,,,,,,,,,,,,
LA8MR,Fm,true,VHF,,145175000,145775000,Narrow,CTCSS,123.0,,CTCSS,123.0,,,,,,,,,,,,
LA8MR,C4fm,true,VHF,,145175000,145775000,,,,,,,,,,,,,,,,,,
LA8MRR,Fm,true,VHF,,145175000,145775000,Narrow,CTCSS,123.0,,CTCSS,123.0,,,,,,,,,,,,
LA8NR,Fm,true,VHF,,145175000,145775000,Narrow,CTCSS,123.0,,CTCSS,123.0,,,,,,,,,,,,
LA8NRR,Fm,true,VHF,,145025000,145625000,Narrow,CTCSS,123.0,,CTCSS,123.0,,,,,,,,,,,,
LA8OR,Fm,true,UHF,,432600000,434600000,Narrow,CTCSS,123.0,,CTCSS,123.0,,,,,,,,,,,,
LA8OR,Dmr,true,UHF,,432600000,434600000,,,,,,,,1,242004,unknown,,,,,,,,
LA8OR,C4fm,true,UHF,,432600000,434600000,,,,,,,,,,,,,,,,,,
LA8OR,Dstar,true,UHF,,432600000,434600000,,,,,,,,,,,Dv,,,,,,,
LA8ORR,Fm,true,VHF,,433025000,144650000,Narrow,CTCSS,88.5,,CTCSS,88.5,,,,,,,,,,,,
LA8PR,Fm,true,UHF,,432900000,434900000,Narrow,CTCSS,85.4,,CTCSS,85.4,,,,,,,,,,,,
LA8PRR,Fm,true,VHF,,145087500,145687500,Narrow,CTCSS,123.0,,CTCSS,123.0,,,,,,,,,,,,
LA8QR,Fm,true,VHF,,145112500,145712500,Narrow,CTCSS,85.4,,CTCSS,85.4,,,,,,,,,,,,
LA8QRR,Fm,true,VHF,,145137500,145737500,Narrow,CTCSS,123.0,,CTCSS,123.0,,,,,,,,,,,,
LA8RR,Fm,true,UHF,,432825000,434825000,Narrow,CTCSS,123.0,,CTCSS,123.0,,,,,,,,,,,,
LA8SR,Fm,true,VHF,,145175000,145775000,Narrow,CTCSS,88.5,,CTCSS,88.5,,,,,,,,,,,,
LA8SRR,Fm,true,VHF,,145162500,145762500,Narrow,CTCSS,123.0,,CTCSS,123.0,,,,,,,,,,,,
LA8TR,Fm,true,VHF,,145150000,145750000,Narrow,CTCSS,85.4,,CTCSS,85.4,,,,,,,,,,,,
LA8UR,Fm,true,UHF,,432775000,434775000,Narrow,CTCSS,123.0,,CTCSS,123.0,,,,,,,,,,,,
LA8VR,Fm,true,VHF,,145100000,145700000,Narrow,None,,,None,,,,,,,,,,,,,
LA8VRR,Fm,true,VHF,,433025000,144650000,Narrow,None,,,None,,,,,,,,,,,,,
LA8WR,Fm,true,UHF,,432625000,434625000,Narrow,CTCSS,123.0,,CTCSS,123.0,,,,,,,,,,,,
LA8XR,Fm,true,VHF,,145137500,145737500,Narrow,CTCSS,91.5,,CTCSS,91.5,,,,,,,,,,,,
LA8XR,Dmr,true,VHF,,145137500,145737500,,,,,,,,1,,unknown,,,,,,,,
LA8XRR,Fm,true,VHF,,433150000,145225000,Narrow,None,,,None,,,,,,,,,,,,,
LA8YR,Fm,true,UHF,,434800000,432800000,Narrow,None,,,None,,,,,,,,,,,,,
LA8ZR,Fm,true,UHF,,432650000,434650000,Narrow,CTCSS,123.0,,CTCSS,123.0,,,,,,,,,,,,
LA8ZR,Dmr,true,UHF,,432650000,434650000,,,,,,,,1,242920,unknown,,,,,,,,
LA9AR,Fm,true,VHF,,145000000,145600000,Narrow,CTCSS,88.5,,CTCSS,88.5,,,,,,,,,,,,
LA9ARR,Fm,true,VHF,,145000000,145600000,Narrow,None,,,None,,,,,,,,,,,,,
LA9BR,Fm,true,VHF,,145075000,145675000,Narrow,CTCSS,123.0,,CTCSS,123.0,,,,,,,,,,,,
LA9BR,C4fm,true,VHF,,145075000,145675000,,,,,,,,,,,,,,,,,,
LA9BRR,Fm,true,VHF,,145112500,145712500,Narrow,None,,,None,,,,,,,,,,,,,
LA9CR,Fm,true,VHF,,145025000,145625000,Narrow,CTCSS,82.5,,CTCSS,82.5,,,,,,,,,,,,
LA9DR,Fm,true,UHF,,432725000,434725000,Narrow,CTCSS,74.4,,CTCSS,74.4,,,,,,,,,,,,
LA9ER,Fm,true,VHF,,145137500,145737500,Narrow,CTCSS,123.0,,CTCSS,123.0,,,,,,,,,,,,
LA9ERR,Fm,true,VHF,,433200000,145250000,Narrow,CTCSS,88.5,,CTCSS,88.5,,,,,,,,,,,,
LA9FR,Fm,true,VHF,,145175000,145775000,Narrow,CTCSS,88.5,,CTCSS,88.5,,,,,,,,,,,,
LA9FRR,Fm,true,VHF,,145012500,145612500,Narrow,CTCSS,123.0,,CTCSS,123.0,,,,,,,,,,,,
LA9GR,Fm,true,UHF,,432625000,434625000,Narrow,CTCSS,88.5,,CTCSS,88.5,,,,,,,,,,,,
LA9HR,Fm,true,VHF,,145100000,145700000,Narrow,CTCSS,123.0,,CTCSS,123.0,,,,,,,,,,,,
LA9HRR,Fm,true,UHF,,432800000,434800000,Narrow,CTCSS,91.5,,CTCSS,91.5,,,,,,,,,,,,
LA9HRR,Dmr,true,UHF,,432800000,434800000,,,,,,,,1,242911,unknown,,,,,,,,
LA9IR,Fm,true,UHF,,434800000,432800000,Narrow,None,,,None,,,,,,,,,,,,,
LA9JR,Fm,true,VHF,,144675000,145050000,Narrow,CTCSS,74.4,,CTCSS,74.4,,,,,,,,,,,,
LA9KR,Fm,true,VHF,,145012500,145612500,Narrow,None,,,None,,,,,,,,,,,,,
LA9KRR,Fm,true,UHF,,432737500,434737500,Narrow,None,,,None,,,,,,,,,,,,,
LA9LR,Fm,true,VHF,,145100000,145700000,Narrow,CTCSS,91.5,,CTCSS,91.5,,,,,,,,,,,,
LA9LR,Dmr,true,VHF,,145100000,145700000,,,,,,,,1,242302,unknown,,,,,,,,
LA9LRR,Fm,true,UHF,,432750000,434750000,Narrow,CTCSS,91.5,,CTCSS,91.5,,,,,,,,,,,,
LA9MR,Fm,true,VHF,,145075000,145675000,Narrow,CTCSS,123.0,,CTCSS,123.0,,,,,,,,,,,,
LA9MRR,Fm,true,VHF,,145187500,145787500,Narrow,None,,,None,,,,,,,,,,,,,
LA9NR,Fm,true,UHF,,432950000,434950000,Narrow,CTCSS,74.4,,CTCSS,74.4,,,,,,,,,,,,
LA9PR,Fm,true,VHF,,434987500,144650000,Narrow,CTCSS,94.8,,CTCSS,94.8,,,,,,,,,,,,
LA9QR,Fm,true,UHF,,432725000,434725000,Narrow,CTCSS,123.0,,CTCSS,123.0,,,,,,,,,,,,
LA9RR,Fm,true,VHF,,145000000,145600000,Narrow,CTCSS,123.0,,CTCSS,123.0,,,,,,,,,,,,
LA9SR,Fm,true,VHF,,145125000,145725000,Narrow,CTCSS,82.5,,CTCSS,82.5,,,,,,,,,,,,
LA9TR,Fm,true,VHF,,145025000,145625000,Narrow,CTCSS,123.0,,CTCSS,123.0,,,,,,,,,,,,
LA9UR,Fm,true,VHF,,145187500,145787500,Narrow,None,,,None,,,,,,,,,,,,,
LA9WR,Fm,true,VHF,,145000000,145600000,Narrow,CTCSS,123.0,,CTCSS,123.0,,,,,,,,,,,,
LA9XRR,Fm,true,UHF,,432975000,434975000,Narrow,CTCSS,123.0,,CTCSS,123.0,,,,,,,,,,,,
LA9YR,Fm,true,UHF,,432800000,434800000,Narrow,CTCSS,91.5,,CTCSS,91.5,,,,,,,,,,,,
LA9YRR,Fm,true,VHF,,145000000,145600000,Narrow,CTCSS,91.5,,CTCSS,91.5,,,,,,,,,,,,
LA9ZR,Fm,true,VHF,,145125000,145725000,Narrow,CTCSS,123.0,,CTCSS,123.0,,,,,,,,,,,,
LA9ZRR,Fm,true,UHF,,432600000,434600000,Narrow,None,,,None,,,,,,,,,,,,,
LD1BK,Aprs,true,VHF,,144800000,144800000,,,,,,,,,,,,,,,,,,
LD1FA,Aprs,true,VHF,,144800000,144800000,,,,,,,,,,,,,,,,,,
LD1FE,Aprs,true,VHF,,144800000,144800000,,,,,,,,,,,,,,,,,,
LD1FL,Aprs,true,UHF,,433775000,433775000,,,,,,,,,,,,,,,,,,
LD1FR,Fm,true,VHF,,145087500,145687500,Narrow,CTCSS,125.0,,CTCSS,125.0,,,,,,,,,,,,
LD1FR,C4fm,true,VHF,,145087500,145687500,,,,,,,,,,,,,,,,,,
LD1HQ,Dmr,true,UHF,,432800000,434800000,,,,,,,,1,,unknown,,,,,,,,
LD1KO,Aprs,true,VHF,,144800000,144800000,,,,,,,,,,,,,,,,Igate,,
LD1MD,Aprs,true,VHF,,144800000,144800000,,,,,,,,,,,,,,,,,,
LD1NR,Dmr,true,UHF,,432637500,434637500,,,,,,,,1,242006,unknown,,,,,,,,
LD1OA,Dmr,true,UHF,,432887500,434887500,,,,,,,,1,242002,unknown,,,,,,,,
LD1OA,Fm,true,UHF,,432887500,434887500,Narrow,CTCSS,123.0,,CTCSS,123.0,,,,,,,,,,,,
LD1OE,Aprs,true,VHF,,144800000,144800000,,,,,,,,,,,,,,,,Digipeater,,
LD1ON,Dstar,true,VHF,,144900000,144900000,,,,,,,,,,,Dv,,,,,,,
LD1OS,Aprs,true,VHF,,144800000,144800000,,,,,,,,,,,,,,,,,,
LD1OT,Fm,true,A,,1296500000,1297100000,Narrow,None,,,None,,,,,,,,,,,,,
LD1OT,Dstar,true,A,,1291100000,1297100000,,,,,,,,,,,Dv,,,,,,,
LD1OT,Dstar,true,B,,432862500,434862500,,,,,,,,,,,Dv,,,,,,,
LD1OT,Fm,true,B,,432862500,434862500,Narrow,None,,,None,,,,,,,,,,,,,
LD1SG,Dmr,true,UHF,,432812500,434812500,,,,,,,,1,242808,unknown,,,,,,,,
LD2BI,Aprs,true,VHF,,144800000,144800000,,,,,,,,,,,,,,,,,,
LD2EM,Dstar,true,C,,144975000,145575000,,,,,,,,,,,Dv,,,,,,,
LD2ER,Aprs,true,VHF,,144800000,144800000,,,,,,,,,,,,,,,,,,
LD2FN,Aprs,true,VHF,,144800000,144800000,,,,,,,,,,,,,,,,,,
LD2GB,Aprs,true,VHF,,144800000,144800000,,,,,,,,,,,,,,,,Igate,,
LD2GC,Aprs,true,VHF,,144800000,144800000,,,,,,,,,,,,,,,,Igate,,
LD2GD,Aprs,true,VHF,,144800000,144800000,,,,,,,,,,,,,,,,,,
LD2GF,Aprs,true,VHF,,144800000,144800000,,,,,,,,,,,,,,,,Igate,,
LD2GG,Aprs,true,VHF,,144800000,144800000,,,,,,,,,,,,,,,,,,
LD2GI,Aprs,true,VHF,,144800000,144800000,,,,,,,,,,,,,,,,,,
LD2GM,Aprs,true,VHF,,144800000,144800000,,,,,,,,,,,,,,,,,,
LD2GN,Aprs,true,VHF,,144800000,144800000,,,,,,,,,,,,,,,,,,
LD2GO,Aprs,true,VHF,,144800000,144800000,,,,,,,,,,,,,,,,,,
LD2GP,Aprs,true,VHF,,144800000,144800000,,,,,,,,,,,,,,,,,,
LD2GQ,Aprs,true,VHF,,144800000,144800000,,,,,,,,,,,,,,,,,,
LD2GR,Aprs,true,VHF,,144800000,144800000,,,,,,,,,,,,,,,,,,
LD2GS,Aprs,true,VHF,,144800000,144800000,,,,,,,,,,,,,,,,,,
LD2GT,Aprs,true,VHF,,144800000,144800000,,,,,,,,,,,,,,,,,,
LD2GU,Aprs,true,VHF,,144800000,144800000,,,,,,,,,,,,,,,,,,
LD2GV,Aprs,true,VHF,,144800000,144800000,,,,,,,,,,,,,,,,Igate,,
LD2HA,Aprs,true,VHF,,144800000,144800000,,,,,,,,,,,,,,,,,,
LD2HG,Aprs,true,VHF,,144800000,144800000,,,,,,,,,,,,,,,,,,
LD2HJ,Dmr,true,UHF,,432700000,434700000,,,,,,,,1,242601,unknown,,,,,,,,
LD2HT,Dmr,true,B,,434100000,434100000,,,,,,,,1,242055,unknown,,,,,,,,
LD2HT,Dstar,true,B,,434100000,434100000,,,,,,,,,,,Dv,,,,,,,
LD2JB,Aprs,true,VHF,,144800000,144800000,,,,,,,,,,,,,,,,,,
LD2KF,Aprs,true,VHF,,144800000,144800000,,,,,,,,,,,,,,,,,,
LD2KR,Fm,true,UHF,,432562500,434562500,Narrow,CTCSS,71.9,,CTCSS,71.9,,,,,,,,,,,,
LD2KS,Aprs,true,VHF,,144800000,144800000,,,,,,,,,,,,,,,,,,
LD2LH,Aprs,true,VHF,,144800000,144800000,,,,,,,,,,,,,,,,,,
LD2LK,Aprs,true,VHF,,144800000,144800000,,,,,,,,,,,,,,,,,,
LD2LT,Aprs,true,VHF,,144800000,144800000,,,,,,,,,,,,,,,,,,
LD2OH,Aprs,true,VHF,,144800000,144800000,,,,,,,,,,,,,,,,,,
LD2RI,Aprs,true,VHF,,144800000,144800000,,,,,,,,,,,,,,,,,,
LD2RK,Aprs,true,VHF,,144800000,144800000,,,,,,,,,,,,,,,,,,
LD2TR,Aprs,true,VHF,,144800000,144800000,,,,,,,,,,,,,,,,,,
LD2VR,Dstar,true,C,,144937500,144937500,,,,,,,,,,,Dv,,,,,,,
LD3BD,Aprs,true,VHF,,144800000,144800000,,,,,,,,,,,,,,,,,,
LD3BL,Aprs,true,VHF,,144800000,144800000,,,,,,,,,,,,,,,,,,
LD3DD,Dstar,true,UHF,,432575000,434575000,,,,,,,,,,,Dv,,,,,,,
LD3DG,Dmr,true,UHF,,432587500,434587500,,,,,,,,1,242702,unknown,,,,,,,,
LD3DN,Aprs,true,VHF,,144800000,144800000,,,,,,,,,,,,,,,,,,
LD3DP,Dmr,true,UHF,,432962500,434962500,,,,,,,,1,242651,unknown,,,,,,,,
LD3DV,Dmr,true,UHF,,432525000,434525000,,,,,,,,1,242650,unknown,,,,,,,,
LD3GB,Aprs,true,VHF,,144800000,144800000,,,,,,,,,,,,,,,,,,
LD3GD,Aprs,true,VHF,,144800000,144800000,,,,,,,,,,,,,,,,,,
LD3GE,Aprs,true,VHF,,144800000,144800000,,,,,,,,,,,,,,,,,,
LD3GK,Aprs,true,VHF,,144800000,144800000,,,,,,,,,,,,,,,,,,
LD3GL,Dmr,true,UHF,,432512500,434512500,,,,,,,,1,242701,unknown,,,,,,,,
LD3GO,Aprs,true,VHF,,144800000,144800000,,,,,,,,,,,,,,,,,,
LD3GT,Aprs,true,VHF,,144800000,144800000,,,,,,,,,,,,,,,,,,
LD3HN,Aprs,true,VHF,,144800000,144800000,,,,,,,,,,,,,,,,,,
LD3HR,Dmr,true,UHF,,432650000,434650000,,,,,,,,1,242635,unknown,,,,,,,,
LD3HS,Aprs,true,VHF,,144800000,144800000,,,,,,,,,,,,,,,,,,
LD3HV,Aprs,true,VHF,,144800000,144800000,,,,,,,,,,,,,,,,,,
LD3JS,Aprs,true,VHF,,144800000,144800000,,,,,,,,,,,,,,,,,,
LD3KF,Aprs,true,VHF,,144800000,144800000,,,,,,,,,,,,,,,,,,
LD3KJ,Aprs,true,VHF,,144800000,144800000,,,,,,,,,,,,,,,,,,
LD3KR,Dmr,true,UHF,,432837500,434837500,,,,,,,,1,242606,unknown,,,,,,,,
LD3KS,Aprs,true,VHF,,144800000,144800000,,,,,,,,,,,,,,,,,,
LD3LL,Aprs,true,UHF,,433775000,433775000,,,,,,,,,,,,,,,,,,
LD3NF,Aprs,true,VHF,,144800000,144800000,,,,,,,,,,,,,,,,,,
LD3NM,Fm,true,C,,144987500,145587500,Narrow,CTCSS,123.0,,CTCSS,123.0,,,,,,,,,,,,
LD3NM,Dstar,true,C,,144987500,145587500,,,,,,,,,,,Dv,,,,,,,
LD3RI,Fm,true,UHF,,432812500,434812500,Narrow,CTCSS,74.4,,CTCSS,74.4,,,,,,,,,,,,
LD3RI,Dmr,true,UHF,,432812500,434812500,,,,,,,,1,242666,unknown,,,,,,,,
LD3SA,Aprs,true,VHF,,144800000,144800000,,,,,,,,,,,,,,,,,,
LD3SH,Aprs,true,VHF,,144800000,144800000,,,,,,,,,,,,,,,,,,
LD3SK,Aprs,true,VHF,,144800000,144800000,,,,,,,,,,,,,,,,,,
LD3ST,Dmr,true,UHF,,432550000,434550000,,,,,,,,1,242801,unknown,,,,,,,,
LD3TB,Aprs,true,VHF,,144800000,144800000,,,,,,,,,,,,,,,,,,
LD3TD,Dmr,true,UHF,,432562500,434562500,,,,,,,,1,,unknown,,,,,,,,
LD3TD,Fm,true,UHF,,432562500,434562500,Narrow,CTCSS,74.4,,CTCSS,74.4,,,,,,,,,,,,
LD3TE,Aprs,true,VHF,,144800000,144800000,,,,,,,,,,,,,,,,,,
LD3TO,Aprs,true,VHF,,144800000,144800000,,,,,,,,,,,,,,,,,,
LD3VL,Aprs,true,UHF,,433775000,433775000,,,,,,,,,,,,,,,,,,
LD3VM,Aprs,true,VHF,,144800000,144800000,,,,,,,,,,,,,,,,,,
LD4AA,Aprs,true,VHF,,144800000,144800000,,,,,,,,,,,,,,,,Digipeater,,
LD4AI,Aprs,true,VHF,,144800000,144800000,,,,,,,,,,,,,,,,Digipeater,,
LD4AK,Aprs,true,VHF,,144800000,144800000,,,,,,,,,,,,,,,,,,
LD4AR,Dstar,true,B,,432775000,434775000,,,,,,,,,,,Dv,,,,,,,
LD4AR,Dstar,true,C,,145137500,145737500,,,,,,,,,,,Dv,,,,,,,
LD4AT,Aprs,true,VHF,,144800000,144800000,,,,,,,,,,,,,,,,Digipeater,,
LD4BO,Aprs,true,VHF,,144800000,144800000,,,,,,,,,,,,,,,,,,
LD4EG,Aprs,true,VHF,,144800000,144800000,,,,,,,,,,,,,,,,,,
LD4EI,Aprs,true,VHF,,144800000,144800000,,,,,,,,,,,,,,,,,,
LD4ER,Dmr,true,UHF,,432625000,434625000,,,,,,,,1,,unknown,,,,,,,,
LD4FF,Aprs,true,VHF,,144800000,144800000,,,,,,,,,,,,,,,,,,
LD4FH,Dmr,true,B,,432700000,434700000,,,,,,,,1,242702,unknown,,,,,,,,
LD4FH,Dstar,true,B,,432700000,434700000,,,,,,,,,,,Dv,,,,,,,
LD4GA,Dmr,true,VHF,,144987500,145587500,,,,,,,,1,242390,unknown,,,,,,,,
LD4GF,Aprs,true,VHF,,144800000,144800000,,,,,,,,,,,,,,,,,,
LD4GJ,Dstar,true,A,,1291000000,1297000000,,,,,,,,,,,Dv,,,,,,,
LD4GJ,Dstar,true,B,,432950000,434950000,,,,,,,,,,,Dv,,,,,,,
LD4GJ,Dstar,true,C,,145187500,145787500,,,,,,,,,,,Dv,,,,,,,
LD4GS,Aprs,true,VHF,,144800000,144800000,,,,,,,,,,,,,,,,Digipeater,,
LD4KA,Aprs,true,VHF,,144800000,144800000,,,,,,,,,,,,,,,,,,
LD4KD,Aprs,true,VHF,,144800000,144800000,,,,,,,,,,,,,,,,,,
LD4KH,Dmr,true,VHF,,145162500,145762500,,,,,,,,1,242710,unknown,,,,,,,,
LD4KO,Dmr,true,UHF,,432600000,434600000,,,,,,,,1,,unknown,,,,,,,,
LD4LA,Dmr,true,B,,432862500,434862500,,,,,,,,1,242703,unknown,,,,,,,,
LD4LA,Dstar,true,B,,432862500,434862500,,,,,,,,,,,Dv,,,,,,,
LD4LF,Aprs,true,VHF,,144800000,144800000,,,,,,,,,,,,,,,,Digipeater,,
LD4LI,Dmr,true,UHF,,432975000,434975000,,,,,,,,1,242310,unknown,,,,,,,,
LD4LK,Dstar,true,C,,145087500,145687500,,,,,,,,,,,Dv,,,,,,,
LD4NB,Aprs,true,VHF,,144800000,144800000,,,,,,,,,,,,,,,,,,
LD4RH,Dstar,true,B,,432537500,434537500,,,,,,,,,,,Dv,,,,,,,
LD4RP,Aprs,true,VHF,,144800000,144800000,,,,,,,,,,,,,,,,,,
LD4SH,Aprs,true,VHF,,144800000,144800000,,,,,,,,,,,,,,,,Digipeater,,
LD4SJ,Aprs,true,VHF,,144800000,144800000,,,,,,,,,,,,,,,,,,
LD4ST,Aprs,true,VHF,,144800000,144800000,,,,,,,,,,,,,,,,,,
LD4VF,Dstar,true,B,,432550000,434550000,,,,,,,,,,,Dv,,,,,,,
LD4VK,Aprs,true,VHF,,144800000,144800000,,,,,,,,,,,,,,,,,,
LD4VS,Aprs,true,VHF,,144800000,144800000,,,,,,,,,,,,,,,,Digipeater,,
LD5AG,Aprs,true,VHF,,144800000,144800000,,,,,,,,,,,,,,,,,,
LD5AV,Aprs,true,VHF,,144800000,144800000,,,,,,,,,,,,,,,,,,
LD5BE,Aprs,true,VHF,,144800000,144800000,,,,,,,,,,,,,,,,,,
LD5BF,Aprs,true,VHF,,144800100,144800100,,,,,,,,,,,,,,,,Igate,,
LD5BG,Dstar,true,B,,432550000,434550000,,,,,,,,,,,Dv,,,,,,,
LD5BH,Aprs,true,VHF,,144800000,144800000,,,,,,,,,,,,,,,,,,
LD5BR,Dmr,true,UHF,,432825000,434825000,,,,,,,,1,242210,unknown,,,,,,,,
LD5ED,Dmr,true,UHF,,432687500,434687500,,,,,,,,1,242210,unknown,,,,,,,,
LD5GU,Aprs,true,VHF,,144800000,144800000,,,,,,,,,,,,,,,,,,
LD5HH,Dmr,true,UHF,,432750000,434750000,,,,,,,,1,242323,unknown,,,,,,,,
LD5HJ,Aprs,true,VHF,,144800000,144800000,,,,,,,,,,,,,,,,,,
LD5KH,Aprs,true,VHF,,144800000,144800000,,,,,,,,,,,,,,,,,,
LD5KN,Aprs,true,VHF,,144800000,144800000,,,,,,,,,,,,,,,,,,
LD5KS,Aprs,true,VHF,,144800000,144800000,,,,,,,,,,,,,,,,,,
LD5MT,Aprs,true,VHF,,144800000,144800000,,,,,,,,,,,,,,,,,,
LD5SK,Aprs,true,VHF,,144800000,144800000,,,,,,,,,,,,,,,,,,
LD5VO,Aprs,true,VHF,,144800000,144800000,,,,,,,,,,,,,,,,,,
LD6BE,Aprs,true,VHF,,144800000,144800000,,,,,,,,,,,,,,,,,,
LD6BK,Aprs,true,VHF,,144800000,144800000,,,,,,,,,,,,,,,,,,
LD6BS,Aprs,true,VHF,,144800000,144800000,,,,,,,,,,,,,,,,,,
LD6FD,Aprs,true,VHF,,144800000,144800000,,,,,,,,,,,,,,,,,,
LD6FF,Fm,true,UHF,,432875000,434875000,Narrow,CTCSS,123.0,,CTCSS,123.0,,,,,,,,,,,,
LD6FF,Dmr,true,UHF,,432875000,434875000,,,,,,,,1,242013,unknown,,,,,,,,
LD6FL,Aprs,true,VHF,,144800000,144800000,,,,,,,,,,,,,,,,,,
LD6FR,Dmr,true,UHF,,432650000,434650000,,,,,,,,1,,unknown,,,,,,,,
LD6HO,Aprs,true,VHF,,144800000,144800000,,,,,,,,,,,,,,,,,,
LD6KN,Aprs,true,VHF,,144800000,144800000,,,,,,,,,,,,,,,,Igate,,
LD6LB,Aprs,true,VHF,,144800000,144800000,,,,,,,,,,,,,,,,Igate,,
LD6LF,Aprs,true,VHF,,144800000,144800000,,,,,,,,,,,,,,,,,,
LD6MD,Aprs,true,VHF,,144800000,144800000,,,,,,,,,,,,,,,,,,
LD6NT,Aprs,true,VHF,,144800000,144800000,,,,,,,,,,,,,,,,,,
LD6RF,Aprs,true,VHF,,144800000,144800000,,,,,,,,,,,,,,,,,,
LD6SA,Aprs,true,VHF,,144800000,144800000,,,,,,,,,,,,,,,,,,
LD6SB,Aprs,true,VHF,,144800000,144800000,,,,,,,,,,,,,,,,,,
LD6SD,Aprs,true,VHF,,144800000,144800000,,,,,,,,,,,,,,,,,,
LD6SG,Aprs,true,VHF,,144800000,144800000,,,,,,,,,,,,,,,,,,
LD6SH,Aprs,true,VHF,,144800000,144800000,,,,,,,,,,,,,,,,,,
LD6SO,Aprs,true,VHF,,144800000,144800000,,,,,,,,,,,,,,,,,,
LD6ST,Aprs,true,VHF,,144800000,144800000,,,,,,,,,,,,,,,,,,
LD6VS,Aprs,true,VHF,,144800000,144800000,,,,,,,,,,,,,,,,,,
LD7FB,Aprs,true,VHF,,144800000,144800000,,,,,,,,,,,,,,,,,,
LD7FF,Dmr,true,B,,432675000,434675000,,,,,,,,1,242440,unknown,,,,,,,,
LD7FF,Dstar,true,B,,432675000,434675000,,,,,,,,,,,Dv,,,,,,,
LD7FO,Aprs,true,VHF,,144800000,144800000,,,,,,,,,,,,,,,,,,
LD7FS,Aprs,true,VHF,,144800000,144800000,,,,,,,,,,,,,,,,,,
LD7GG,Aprs,true,VHF,,144800000,144800000,,,,,,,,,,,,,,,,,,
LD7NA,Aprs,true,VHF,,144800000,144800000,,,,,,,,,,,,,,,,,,
LD7ST,Aprs,true,VHF,,144800000,144800000,,,,,,,,,,,,,,,,,,
LD7TB,Aprs,true,VHF,,144800000,144800000,,,,,,,,,,,,,,,,Igate,,
LD7TD,Dmr,true,UHF,,432700000,434700000,,,,,,,,1,,unknown,,,,,,,,
LD7TG,Aprs,true,VHF,,144800000,144800000,,,,,,,,,,,,,,,,Igate,,
LD7TH,Aprs,true,VHF,,144800000,144800000,,,,,,,,,,,,,,,,Digipeater,,
LD7TO,Aprs,true,VHF,,144800000,144800000,,,,,,,,,,,,,,,,Igate,,
LD7TR,Aprs,true,VHF,,144800000,144800000,,,,,,,,,,,,,,,,Igate,,
LD7TS,Aprs,true,VHF,,144800000,144800000,,,,,,,,,,,,,,,,Digipeater,,
LD7TT,Aprs,true,VHF,,144800000,144800000,,,,,,,,,,,,,,,,Digipeater,,
LD7VD,Aprs,true,VHF,,144800000,144800000,,,,,,,,,,,,,,,,,,
LD7VM,Dmr,true,UHF,,432600000,434600000,,,,,,,,1,242444,unknown,,,,,,,,
LD8AR,Aprs,true,VHF,,144800000,144800000,,,,,,,,,,,,,,,,,,
LD8BK,Aprs,true,VHF,,144800000,144800000,,,,,,,,,,,,,,,,,,
LD8BS,Dmr,true,UHF,,432975000,434975000,,,,,,,,1,242906,unknown,,,,,,,,
LD8BS,Dstar,true,UHF,,432975000,434975000,,,,,,,,,,,Dv,,,,,,,
LD8DF,Aprs,true,VHF,,144800000,144800000,,,,,,,,,,,,,,,,,,
LD8DN,Dstar,true,B,,433637500,433637500,,,,,,,,,,,Dv,,,,,,,
LD8FS,Aprs,true,VHF,,144800000,144800000,,,,,,,,,,,,,,,,,,
LD8FT,Dmr,true,UHF,,432950000,434950000,,,,,,,,1,242917,unknown,,,,,,,,
LD8GS,Aprs,true,VHF,,144800000,144800000,,,,,,,,,,,,,,,,,,
LD8HB,Aprs,true,VHF,,144800000,144800000,,,,,,,,,,,,,,,,,,
LD8HV,Aprs,true,VHF,,144800000,144800000,,,,,,,,,,,,,,,,,,
LD8KV,Aprs,true,VHF,,144800000,144800000,,,,,,,,,,,,,,,,,,
LD8LK,Dstar,true,B,,433637500,433637500,,,,,,,,,,,Dv,,,,,,,
LD8LR,Dmr,true,UHF,,432625000,434625000,,,,,,,,1,242911,unknown,,,,,,,,
LD8MB,Aprs,true,VHF,,144800000,144800000,,,,,,,,,,,,,,,,,,
LD8MK,Dmr,true,VHF,,145050000,145650000,,,,,,,,1,242008,unknown,,,,,,,,
LD8MM,Dstar,true,B,,0,433687500,,,,,,,,,,,Dv,,,,,,,
LD8MR,Fm,true,UHF,,432850000,434850000,Narrow,None,,,None,,,,,,,,,,,,,
LD8MR,Dmr,true,UHF,,432850000,434850000,,,,,,,,1,242904,unknown,,,,,,,,
LD8MR,C4fm,true,UHF,,432850000,434850000,,,,,,,,,,,,,,,,,,
LD8MR,Dstar,true,UHF,,432850000,434850000,,,,,,,,,,,Dv,,,,,,,
LD8MV,Dmr,true,UHF,,432825000,434825000,,,,,,,,1,242902,unknown,,,,,,,,
LD8NA,Dstar,true,B,,432775000,434775000,,,,,,,,,,,Dv,,,,,,,
LD8NB,Aprs,true,VHF,,144800000,144800000,,,,,,,,,,,,,,,,,,
LD8NK,Aprs,true,VHF,,144800000,144800000,,,,,,,,,,,,,,,,,,
LD8NN,Fm,true,B,,433275000,433275000,Narrow,None,,,None,,,,,,,,,,,,,
LD8NN,Dmr,true,B,,433275000,433275000,,,,,,,,1,242905,unknown,,,,,,,,
LD8NN,C4fm,true,B,,433275000,433275000,,,,,,,,,,,,,,,,,,
LD8NN,Dstar,true,B,,433275000,433275000,,,,,,,,,,,Dv,,,,,,,
LD8NO,Aprs,true,VHF,,144800000,144800000,,,,,,,,,,,,,,,,,,
LD8NV,Aprs,true,VHF,,144800000,144800000,,,,,,,,,,,,,,,,,,
LD8RA,Aprs,true,VHF,,144800000,144800000,,,,,,,,,,,,,,,,,,
LD8RH,Aprs,true,VHF,,144800000,144800000,,,,,,,,,,,,,,,,,,
LD8RS,Aprs,true,VHF,,144800000,144800000,,,,,,,,,,,,,,,,,,
LD8SA,Dmr,true,UHF,,432800000,434800000,,,,,,,,1,242903,unknown,,,,,,,,
LD8SH,Aprs,true,VHF,,144800000,144800000,,,,,,,,,,,,,,,,,,
LD8SS,Aprs,true,VHF,,144800000,144800000,,,,,,,,,,,,,,,,,,
LD8TB,Aprs,true,VHF,,144800000,144800000,,,,,,,,,,,,,,,,,,
LD8VR,Dmr,true,UHF,,432675000,434675000,,,,,,,,1,,unknown,,,,,,,,
LD9AD,Fm,true,UHF,,432800000,434800000,Narrow,None,,,None,,,,,,,,,,,,,
LD9AD,Dmr,true,UHF,,432800000,434800000,,,,,,,,1,242918,unknown,,,,,,,,
LD9AF,Aprs,true,VHF,,144800000,144800000,,,,,,,,,,,,,,,,,,
LD9AH,Dmr,true,VHF,,145137500,145737500,,,,,,,,1,,unknown,,,,,,,,
LD9AT,Aprs,true,VHF,,144800000,144800000,,,,,,,,,,,,,,,,,,
LD9AV,Aprs,true,VHF,,144800000,144800000,,,,,,,,,,,,,,,,,,
LD9BA,Aprs,true,VHF,,144800000,144800000,,,,,,,,,,,,,,,,,,
LD9BK,Aprs,true,VHF,,144800000,144800000,,,,,,,,,,,,,,,,,,
LD9DM,Aprs,true,VHF,,144800000,144800000,,,,,,,,,,,,,,,,,,
LD9HA,Aprs,true,VHF,,144800000,144800000,,,,,,,,,,,,,,,,,,
LD9HH,Aprs,true,VHF,,144800000,144800000,,,,,,,,,,,,,,,,,,
LD9HK,Aprs,true,VHF,,144800000,144800000,,,,,,,,,,,,,,,,,,
LD9HM,Dmr,true,UHF,,432800000,434800000,,,,,,,,1,,unknown,,,,,,,,
LD9HN,Aprs,true,VHF,,144800000,144800000,,,,,,,,,,,,,,,,,,
LD9HO,Aprs,true,VHF,,144800000,144800000,,,,,,,,,,,,,,,,,,
LD9HR,Dmr,true,UHF,,432675000,434675000,,,,,,,,1,242910,unknown,,,,,,,,
LD9HS,Aprs,true,VHF,,144800000,144800000,,,,,,,,,,,,,,,,,,
LD9KA,Aprs,true,VHF,,144800000,144800000,,,,,,,,,,,,,,,,,,
LD9KB,Dmr,true,UHF,,432975000,434975000,,,,,,,,1,242913,unknown,,,,,,,,
LD9KK,Aprs,true,VHF,,144800000,144800000,,,,,,,,,,,,,,,,,,
LD9KR,Aprs,true,VHF,,144800000,144800000,,,,,,,,,,,,,,,,,,
LD9KS,Aprs,true,VHF,,144800000,144800000,,,,,,,,,,,,,,,,,,
LD9LY,Aprs,true,VHF,,144800000,144800000,,,,,,,,,,,,,,,,,,
LD9MM,Dmr,true,UHF,,432612500,434612500,,,,,,,,1,,unknown,,,,,,,,
LD9MS,Dmr,true,UHF,,432637500,434637500,,,,,,,,1,,unknown,,,,,,,,
LD9NG,Aprs,true,VHF,,144800000,144800000,,,,,,,,,,,,,,,,,,
LD9NK,Aprs,true,VHF,,144800000,144800000,,,,,,,,,,,,,,,,,,
LD9PS,Aprs,true,VHF,,144800000,144800000,,,,,,,,,,,,,,,,,,
LD9SH,Aprs,true,VHF,,144800000,144800000,,,,,,,,,,,,,,,,,,
LD9SJ,Aprs,true,VHF,,144800000,144800000,,,,,,,,,,,,,,,,,,
LD9SK,Aprs,true,VHF,,144800000,144800000,,,,,,,,,,,,,,,,,,
LD9SM,Aprs,true,VHF,,144800000,144800000,,,,,,,,,,,,,,,,,,
LD9SV,Aprs,true,VHF,,144800000,144800000,,,,,,,,,,,,,,,,,,
LD9TD,Aprs,true,VHF,,144800000,144800000,,,,,,,,,,,,,,,,,,
LD9TF,Aprs,true,VHF,,144800000,144800000,,,,,,,,,,,,,,,,,,
LD9TK,Aprs,true,VHF,,144800000,144800000,,,,,,,,,,,,,,,,,,
LD9TN,Dmr,true,B,,432800000,434800000,,,,,,,,1,242922,unknown,,,,,,,,
LD9TT,Aprs,true,VHF,,144800000,144800000,,,,,,,,,,,,,,,,,,
LD9TU,Aprs,true,VHF,,144800000,144800000,,,,,,,,,,,,,,,,,,
LD9VG,Aprs,true,VHF,,144800000,144800000,,,,,,,,,,,,,,,,,,
LD9VN,Aprs,true,VHF,,144800000,144800000,,,,,,,,,,,,,,,,,,
